{"chunk_definitions":[{"row":10,"row_count":1,"visible":true,"expansion_state":0,"options":{"engine":"r","echo":true,"label":"unnamed-chunk-308"},"document_id":"FD56426E","chunk_id":"cwdthfv4m825t","chunk_label":"unnamed-chunk-1"},{"row":13,"row_count":1,"visible":true,"expansion_state":0,"options":{"engine":"r","include":false,"label":"unnamed-chunk-309"},"document_id":"FD56426E","chunk_id":"co8wh9a3r6j71","chunk_label":"unnamed-chunk-2"},{"row":21,"row_count":1,"visible":true,"expansion_state":0,"options":{"engine":"r","include":true,"label":"unnamed-chunk-310"},"document_id":"FD56426E","chunk_id":"ciy3r4378gk4k","chunk_label":"unnamed-chunk-3"},{"row":34,"row_count":1,"visible":true,"expansion_state":0,"options":{"engine":"r","label":"unnamed-chunk-313"},"document_id":"FD56426E","chunk_id":"cp34dg36ijkfh","chunk_label":"unnamed-chunk-4"},{"row":41,"row_count":1,"visible":true,"expansion_state":0,"options":{"engine":"r","echo":true,"label":"unnamed-chunk-314"},"document_id":"FD56426E","chunk_id":"crh3phymr6w5x","chunk_label":"unnamed-chunk-5"},{"row":44,"row_count":1,"visible":true,"expansion_state":0,"options":{"engine":"r","include":false,"label":"unnamed-chunk-315"},"document_id":"FD56426E","chunk_id":"cnmosvc0qz9nb","chunk_label":"unnamed-chunk-6"},{"row":52,"row_count":1,"visible":true,"expansion_state":0,"options":{"engine":"r","include":true,"label":"unnamed-chunk-317"},"document_id":"FD56426E","chunk_id":"c7ip4us913d25","chunk_label":"unnamed-chunk-7"},{"row":64,"row_count":1,"visible":true,"expansion_state":0,"options":{"engine":"r","include":true,"label":"unnamed-chunk-319"},"document_id":"FD56426E","chunk_id":"cb4rkgeigd3n0","chunk_label":"unnamed-chunk-8"},{"row":77,"row_count":1,"visible":true,"expansion_state":0,"options":{"engine":"r","include":true,"label":"unnamed-chunk-274"},"document_id":"FD56426E","chunk_id":"coag2wz6adapy","chunk_label":"unnamed-chunk-10"},{"row":86,"row_count":1,"visible":true,"expansion_state":0,"options":{"engine":"r","include":true,"label":"unnamed-chunk-320"},"document_id":"FD56426E","chunk_id":"c3rq9leijnrlw","chunk_label":"unnamed-chunk-11"},{"row":91,"row_count":1,"visible":true,"expansion_state":0,"options":{"engine":"r","label":"unnamed-chunk-321"},"document_id":"FD56426E","chunk_id":"c7e196yuy7008","chunk_label":"unnamed-chunk-12"},{"row":97,"row_count":1,"visible":true,"expansion_state":0,"options":{"engine":"r","include":true,"label":"unnamed-chunk-322"},"document_id":"FD56426E","chunk_id":"ce49bo48h3x9c","chunk_label":"unnamed-chunk-13"},{"row":114,"row_count":1,"visible":true,"expansion_state":0,"options":{"engine":"r","include":true,"label":"unnamed-chunk-299"},"document_id":"FD56426E","chunk_id":"ckb1unvnl0fe5","chunk_label":"unnamed-chunk-14"},{"row":136,"row_count":1,"visible":true,"expansion_state":0,"options":{"engine":"r","include":true,"label":"unnamed-chunk-325"},"document_id":"FD56426E","chunk_id":"cd52mbaxcp167","chunk_label":"unnamed-chunk-15"},{"row":147,"row_count":1,"visible":true,"expansion_state":0,"options":{"engine":"r","include":true,"label":"unnamed-chunk-337"},"document_id":"FD56426E","chunk_id":"caez6nkxwy74d","chunk_label":"unnamed-chunk-16"},{"row":158,"row_count":1,"visible":true,"expansion_state":0,"options":{"engine":"r","include":true,"label":"unnamed-chunk-332"},"document_id":"FD56426E","chunk_id":"c24ewg0oqqb8h","chunk_label":"unnamed-chunk-17"},{"row":166,"row_count":1,"visible":true,"expansion_state":0,"options":{"engine":"r","include":true,"label":"unnamed-chunk-338"},"document_id":"FD56426E","chunk_id":"crbek36el6lh1","chunk_label":"unnamed-chunk-18"}],"doc_write_time":1682523773}