{"chunk_definitions":[{"row":26,"row_count":1,"visible":true,"expansion_state":0,"options":{"engine":"---","label":"unnamed-chunk-1"},"document_id":"4933CD30","chunk_id":"c81280z108vfe","chunk_label":"unnamed-chunk-2"},{"row":30,"row_count":1,"visible":true,"expansion_state":0,"options":{"engine":"r","include":false,"label":"unnamed-chunk-2"},"document_id":"F042544A","chunk_id":"cxzhh1qtdttwf","chunk_label":"unnamed-chunk-2"},{"row":35,"row_count":1,"visible":true,"expansion_state":0,"options":{"engine":"r","include":false,"label":"unnamed-chunk-180"},"document_id":"F042544A","chunk_id":"c02664b3ut8jw","chunk_label":"unnamed-chunk-3"},{"row":41,"row_count":1,"visible":true,"expansion_state":0,"options":{"engine":"r","include":true,"label":"unnamed-chunk-181"},"document_id":"318D9207","chunk_id":"cg01uw4af5y3q","chunk_label":"unnamed-chunk-4"},{"row":54,"row_count":1,"visible":true,"expansion_state":0,"options":{"engine":"r","include":true,"label":"unnamed-chunk-182"},"document_id":"318D9207","chunk_id":"c8hmllojfe014","chunk_label":"unnamed-chunk-5"},{"row":84,"row_count":1,"visible":true,"expansion_state":0,"options":{"engine":"r","include":true,"label":"unnamed-chunk-183"},"document_id":"318D9207","chunk_id":"cifzlyhtyml75","chunk_label":"unnamed-chunk-6"},{"row":94,"row_count":1,"visible":true,"expansion_state":0,"options":{"engine":"r","include":true,"label":"unnamed-chunk-184"},"document_id":"318D9207","chunk_id":"cngp4elldcu0c","chunk_label":"unnamed-chunk-7"},{"row":105,"row_count":1,"visible":true,"expansion_state":0,"options":{"engine":"r","include":true,"label":"unnamed-chunk-185"},"document_id":"318D9207","chunk_id":"csbq9kzl9oofr","chunk_label":"unnamed-chunk-8"},{"row":161,"row_count":1,"visible":true,"expansion_state":0,"options":{"engine":"r","include":true,"label":"unnamed-chunk-186"},"document_id":"318D9207","chunk_id":"ctw3fz71rzd39","chunk_label":"unnamed-chunk-9"}],"doc_write_time":1682500600}