{"chunk_definitions":[{"row":6,"row_count":1,"visible":true,"expansion_state":0,"options":{"engine":"r","echo":true,"label":"unnamed-chunk-42"},"document_id":"710625C0","chunk_id":"c42ccks6rkf3s","chunk_label":"unnamed-chunk-1"},{"row":23,"row_count":1,"visible":true,"expansion_state":0,"options":{"engine":"r","include":true,"label":"unnamed-chunk-43"},"document_id":"368598AB","chunk_id":"cid6b8bj4k8sf","chunk_label":"unnamed-chunk-2"},{"row":35,"row_count":1,"visible":true,"expansion_state":0,"options":{"engine":"r","include":true,"label":"unnamed-chunk-44"},"document_id":"368598AB","chunk_id":"chg9gc1iql0n2","chunk_label":"unnamed-chunk-3"},{"row":49,"row_count":1,"visible":true,"expansion_state":0,"options":{"engine":"r","label":"unnamed-chunk-45"},"document_id":"368598AB","chunk_id":"cy7ex802qo6nj","chunk_label":"unnamed-chunk-4"},{"row":64,"row_count":1,"visible":true,"expansion_state":0,"options":{"engine":"r","include":true,"label":"unnamed-chunk-61"},"document_id":"368598AB","chunk_id":"cdoeugvvds45p","chunk_label":"unnamed-chunk-5"},{"row":74,"row_count":1,"visible":true,"expansion_state":0,"options":{"engine":"r","include":true,"label":"unnamed-chunk-62"},"document_id":"614B0439","chunk_id":"czuizyw6wz7w8","chunk_label":"unnamed-chunk-6"}],"doc_write_time":1682614158,"chunk_rendered_width":684}