{"chunk_definitions":[{"row":20,"row_count":1,"visible":true,"expansion_state":0,"options":{"engine":"r","echo":true,"label":"unnamed-chunk-19"},"document_id":"B05AE8FE","chunk_id":"ch1lk9rlbi6nj","chunk_label":"unnamed-chunk-1"},{"row":23,"row_count":1,"visible":true,"expansion_state":0,"options":{"engine":"r","include":false,"label":"unnamed-chunk-20"},"document_id":"B05AE8FE","chunk_id":"c8sy0pj0e301z","chunk_label":"unnamed-chunk-2"},{"row":43,"row_count":1,"visible":true,"expansion_state":0,"options":{"engine":"r","label":"unnamed-chunk-49"},"document_id":"B05AE8FE","chunk_id":"cr9ill334qykt","chunk_label":"unnamed-chunk-3"},{"row":48,"row_count":1,"visible":true,"expansion_state":0,"options":{"engine":"r","include":true,"label":"unnamed-chunk-50"},"document_id":"B05AE8FE","chunk_id":"c84d132dxz1xb","chunk_label":"unnamed-chunk-4"},{"row":57,"row_count":1,"visible":true,"expansion_state":0,"options":{"engine":"r","include":true,"label":"unnamed-chunk-51"},"document_id":"B05AE8FE","chunk_id":"cvb6gsip4drli","chunk_label":"unnamed-chunk-5"},{"row":72,"row_count":1,"visible":true,"expansion_state":0,"options":{"engine":"r","include":true,"label":"unnamed-chunk-52"},"document_id":"B05AE8FE","chunk_id":"chivh9ok8bh5b","chunk_label":"unnamed-chunk-6"},{"row":89,"row_count":1,"visible":true,"expansion_state":0,"options":{"engine":"r","include":true,"label":"unnamed-chunk-53"},"document_id":"B05AE8FE","chunk_id":"cd7o0z0zmz2uj","chunk_label":"unnamed-chunk-7"},{"row":95,"row_count":1,"visible":true,"expansion_state":0,"options":{"engine":"r","include":true,"label":"unnamed-chunk-60"},"document_id":"B05AE8FE","chunk_id":"cqd29bskr1qdb","chunk_label":"unnamed-chunk-8"}],"doc_write_time":1681985139}