"0","calcRa <- function(df, mod, y) {"
"0","  MSE  <- mean((df[[y]] - predict.lm(mod, df)) ^ 2)"
"0","  varY <- mean(df[[y]] ^ 2) - mean(df[[y]]) ^ 2"
"0","  R2   <- 1 - MSE / varY"
"0","  aR2  <- 1 - (1- R2) * (nrow(df) - 1) / (nrow(df) - mod$rank)"
"0",""
"0","  tibble(MSE=MSE, varY=varY, R2=R2, aR2=aR2)"
"0","}"
"0",""
"0","linearAdjust_rr <- function(df, y, x) {"
"0","  lm(str_c(y, ""~"", str_c(x, collapse=""+"")), df)"
"0","}"
"0",""
"0","calcModRa <- function(dfTrain, dfTest, y, x) {"
"0","  mod <- linearAdjust_rr(dfTrain, y, x)"
"0","  calcRa(dfTest, mod, y)$aR2"
"0","}"
