{"chunk_definitions":[{"row":11,"row_count":1,"visible":true,"expansion_state":0,"options":{"engine":"r","label":"setup","include":false},"document_id":"ED0BC64D","chunk_id":"csetup_chunk","chunk_label":"setup"},{"row":25,"row_count":1,"visible":true,"expansion_state":0,"options":{"engine":"r","include":false,"label":"unnamed-chunk-90"},"document_id":"ED0BC64D","chunk_id":"cun54zu2dt8ne","chunk_label":"unnamed-chunk-1"},{"row":29,"row_count":1,"visible":true,"expansion_state":0,"options":{"engine":"r","echo":true,"label":"unnamed-chunk-91"},"document_id":"ED0BC64D","chunk_id":"c6o5x0idl00f0","chunk_label":"unnamed-chunk-2"},{"row":42,"row_count":1,"visible":true,"expansion_state":0,"options":{"engine":"r","include":true,"label":"unnamed-chunk-92"},"document_id":"ED0BC64D","chunk_id":"c131fj2c56sfh","chunk_label":"unnamed-chunk-3"},{"row":122,"row_count":1,"visible":true,"expansion_state":0,"options":{"engine":"r","label":"unnamed-chunk-132"},"document_id":"ED0BC64D","chunk_id":"c3swrbxd2q12d","chunk_label":"unnamed-chunk-10"},{"row":135,"row_count":1,"visible":true,"expansion_state":0,"options":{"engine":"r","label":"unnamed-chunk-135"},"document_id":"ED0BC64D","chunk_id":"cwwpz12agd548","chunk_label":"unnamed-chunk-11"},{"row":147,"row_count":1,"visible":true,"expansion_state":0,"options":{"engine":"r","label":"unnamed-chunk-138"},"document_id":"ED0BC64D","chunk_id":"c3cirx5yg69q9","chunk_label":"unnamed-chunk-12"},{"row":158,"row_count":1,"visible":true,"expansion_state":0,"options":{"engine":"r","label":"unnamed-chunk-140"},"document_id":"ED0BC64D","chunk_id":"ccf3sj364htv4","chunk_label":"unnamed-chunk-13"},{"row":204,"row_count":1,"visible":true,"expansion_state":0,"options":{"engine":"r","label":"unnamed-chunk-143"},"document_id":"ED0BC64D","chunk_id":"cjl8n3elnjkdx","chunk_label":"unnamed-chunk-16"}],"doc_write_time":1683196217}