"0","n <- rep(0,length(soet2_clean$edad))"
"0",""
"0","## skills_C,c++, electronics, embedded systems, embedded c"
"0","v <- which(soet2_clean$`skills_C,c++, electronics, embedded systems, embedded c` == 1)"
"0","soet2_clean$skills_C <- n"
"0","soet2_clean$`skills_c++` <- n"
"0","soet2_clean$skills_electronics <- n"
"0","soet2_clean$skills_embedded_systems <- n"
"0","soet2_clean$skills_embedded_c <- n"
"0",""
"0","soet2_clean$skills_C[v] <- 1"
"0","soet2_clean$`skills_c++`[v] <- 1"
"0","soet2_clean$skills_electronics[v] <- 1"
"0","soet2_clean$skills_embedded_systems[v] <- 1"
"0","soet2_clean$skills_embedded_c[v] <- 1"
"0",""
"0","soet2_clean$`skills_C,c++, electronics, embedded systems, embedded c` <- NULL"
"0",""
"0","##skills_Design, editing"
"0",""
"0","v <- which(soet2_clean$`skills_Design, editing` == 1)"
"0","soet2_clean$skills_Design <- n"
"0","soet2_clean$skills_editing <- n"
"0",""
"0","soet2_clean$skills_Design[v] <- 1"
"0","soet2_clean$skills_editing[v] <- 1"
"0",""
"0","soet2_clean$`skills_Design, editing` <- NULL"
"0",""
"0","##skills_Excel;Digital marketing,web designing"
"0","v <- which(soet2_clean$`skills_Excel;Digital marketing,web designing` == 1)"
"0",""
"0","soet2_clean$skills_Excel[v] <- 1 "
"0","soet2_clean$skills_Design[v] <- 1"
"0","soet2_clean$skills_Digital_Marketing <- n"
"0","soet2_clean$skills_Digital_Marketing[v] <- 1 "
"0",""
"0","soet2_clean$`skills_Excel;Digital marketing,web designing` <- NULL"
"0",""
"0","##skills_Excel;Python"
"0","v <- which(soet2_clean$`skills_Excel;Python` == 1)"
"0",""
"0","soet2_clean$skills_Excel[v] <- 1 "
"0","soet2_clean$skills_Python[v] <- 1"
"0",""
"0","soet2_clean$`skills_Excel;Python` <- NULL"
"0",""
"0","##skills_Excel;Python;CAD/CAM, MATLAB"
"0","v <- which(soet2_clean$`skills_Excel;Python;CAD/CAM, MATLAB` == 1)"
"0",""
"0","soet2_clean$skills_Excel[v] <- 1"
"0","soet2_clean$skills_Python[v] <- 1"
"0",""
"0","soet2_clean$skills_CAD_CAM <- n"
"0","soet2_clean$skills_CAD_CAM[v] <- 1"
"0",""
"0","soet2_clean$`skills_Excel;Python;CAD/CAM, MATLAB` <- NULL"
"0",""
"0","##skills_Excel;Python;Sql"
"0","v <- which(soet2_clean$`skills_Excel;Python;Sql` == 1)"
"0",""
"0","soet2_clean$skills_Excel[v] <- 1"
"0","soet2_clean$skills_Python[v] <- 1"
"0","soet2_clean$skills_Sql[v] <- 1"
"0",""
"0","soet2_clean$`skills_Excel;Python;Sql` <- NULL"
"0",""
"0","##skills_Excel;Python;Sql;Tableau"
"0","v <- which(soet2_clean$`skills_Excel;Python;Sql;Tableau` == 1)"
"0",""
"0","soet2_clean$skills_Excel[v] <- 1"
"0","soet2_clean$skills_Python[v] <- 1"
"0","soet2_clean$skills_Sql[v] <- 1"
"0",""
"0","soet2_clean$skills_Tableau <- n"
"0","soet2_clean$skills_Tableau[v] <- 1"
"0",""
"0","soet2_clean$`skills_Excel;Python;Sql;Tableau` <- NULL"
"0",""
"0","##skills_Excel;Python;Wordpress"
"0","v <- which(soet2_clean$`skills_Excel;Python;Wordpress` == 1)"
"0",""
"0","soet2_clean$skills_Excel[v] <- 1"
"0","soet2_clean$skills_Python[v] <- 1"
"0",""
"0","soet2_clean$skills_Wordpress <- n"
"0","soet2_clean$skills_Wordpress[v] <- 1"
"0",""
"0","soet2_clean$`skills_Excel;Python;Wordpress` <- NULL"
"0",""
"0","##skills_Excel;Rivet,cad"
"0","v <- which(soet2_clean$`skills_Excel;Rivet,cad` == 1)"
"0",""
"0","soet2_clean$skills_Excel[v] <- 1"
"0","soet2_clean$skills_CAD_CAM[v] <- 1"
"0",""
"0","soet2_clean$skills_Rivet <- n"
"0","soet2_clean$skills_Rivet[v] <- 1"
"0",""
"0","soet2_clean$`skills_Excel;Rivet,cad` <- NULL"
"0",""
"0","##skills_Excel;Sql"
"0","v <- which(soet2_clean$`skills_Excel;Sql`== 1)"
"0",""
"0","soet2_clean$skills_Excel[v] <- 1"
"0","soet2_clean$skills_Sql[v] <- 1"
"0",""
"0","soet2_clean$`skills_Excel;Sql` <- NULL"
"0",""
"0","##skills_Excel;Sql;Powerbi"
"0","v <- which(soet2_clean$`skills_Excel;Sql;Powerbi`== 1)"
"0",""
"0","soet2_clean$skills_Excel[v] <- 1"
"0","soet2_clean$skills_Sql[v] <- 1"
"0",""
"0","soet2_clean$skills_Powebi <- n"
"0","soet2_clean$skills_Powebi[v] <- 1"
"0",""
"0","soet2_clean$`skills_Excel;Sql;Powerbi` <- NULL"
"0",""
"0","##skills_Python,Sql"
"0","v <- which(soet2_clean$`skills_Python,Sql`== 1)"
"0",""
"0","soet2_clean$skills_Python[v] <- 1"
"0","soet2_clean$skills_Sql[v] <- 1"
"0",""
"0",""
"0","soet2_clean$`skills_Python,Sql` <- NULL"
"0",""
"0","##skills_Python;Css, html"
"0","v <- which(soet2_clean$`skills_Python;Css, html`== 1)"
"0",""
"0","soet2_clean$skills_Python[v] <- 1"
"0",""
"0","soet2_clean$skills_Css <- n"
"0","soet2_clean$skills_Css[v] <- 1"
"0",""
"0","soet2_clean$skills_Html <- n"
"0","soet2_clean$skills_Html[v] <- 1"
"0",""
"0","soet2_clean$`skills_Python;Css, html` <- NULL"
"0",""
"0","##skills_Python;Other;html, css, bootstrap"
"0","v <- which(soet2_clean$`skills_Python;Other;html, css, bootstrap`== 1)"
"0",""
"0","soet2_clean$skills_Python[v] <- 1"
"0","soet2_clean$skills_Css[v] <- 1"
"0","soet2_clean$skills_Html[v] <- 1"
"0",""
"0","soet2_clean$skills_Bootstrap <- n"
"0","soet2_clean$skills_Bootstrap[v] <- 1"
"0",""
"0","soet2_clean$`skills_Python;Other;html, css, bootstrap` <- NULL"
"0",""
"0","##skills_Python;Sql"
"0","v <- which(soet2_clean$`skills_Python;Sql`== 1)"
"0",""
"0","soet2_clean$skills_Python[v] <- 1"
"0","soet2_clean$skills_Sql[v] <- 1"
"0",""
"0",""
"0","soet2_clean$`skills_Python;Sql` <- NULL"
"0",""
"0","##skills_Sql;Angular,Dotnet"
"0","v <- which(soet2_clean$`skills_Sql;Angular,Dotnet`== 1)"
"0",""
"0","soet2_clean$skills_Sql[v] <- 1"
"0",""
"0","soet2_clean$skills_Dotnet <- n"
"0","soet2_clean$skills_Dotnet[v] <- 1"
"0",""
"0","soet2_clean$skills_Angular <- n"
"0","soet2_clean$skills_Angular[v] <- 1"
"0",""
"0","soet2_clean$`skills_Sql;Angular,Dotnet` <- NULL"
"0",""
"0","##preferencia_sector_trabajo_Government;Business"
"0","v <- which(soet2_clean$`preferencia_sector_trabajo_Government;Business`== 1)"
"0",""
"0","soet2_clean$preferencia_sector_trabajo_Business[v] <- 1"
"0","soet2_clean$preferencia_sector_trabajo_Government[v] <- 1"
"0",""
"0","soet2_clean$`preferencia_sector_trabajo_Government;Business` <- NULL"
"0",""
"0","##preferencia_sector_trabajo_Government;Private"
"0","v <- which(soet2_clean$`preferencia_sector_trabajo_Government;Private`== 1)"
"0",""
"0","soet2_clean$preferencia_sector_trabajo_Private[v] <- 1"
"0","soet2_clean$preferencia_sector_trabajo_Government[v] <- 1"
"0",""
"0","soet2_clean$`preferencia_sector_trabajo_Government;Private` <- NULL"
"0",""
"0","##preferencia_sector_trabajo_Government;Private;Business"
"0","v <- which(soet2_clean$`preferencia_sector_trabajo_Government;Private;Business`== 1)"
"0",""
"0","soet2_clean$preferencia_sector_trabajo_Private[v] <- 1"
"0","soet2_clean$preferencia_sector_trabajo_Government[v] <- 1"
"0","soet2_clean$preferencia_sector_trabajo_Business[v] <- 1"
"0",""
"0","soet2_clean$`preferencia_sector_trabajo_Government;Private;Business` <- NULL "
"0",""
"0","##preferencia_sector_trabajo_Private;Business"
"0","v <- which(soet2_clean$`preferencia_sector_trabajo_Private;Business`== 1)"
"0",""
"0","soet2_clean$preferencia_sector_trabajo_Private[v] <- 1"
"0","soet2_clean$preferencia_sector_trabajo_Business[v] <- 1"
"0",""
"0","soet2_clean$`preferencia_sector_trabajo_Private;Business` <- NULL "
"0",""
"0","##donde_buscas_trabajo_Linkedin;Indeed"
"0","v <- which(soet2_clean$`donde_buscas_trabajo_Linkedin;Indeed`== 1)"
"0",""
"0","soet2_clean$donde_buscas_trabajo_Indeed[v] <- 1"
"0","soet2_clean$donde_buscas_trabajo_Linkedin[v] <- 1"
"0",""
"0","soet2_clean$`donde_buscas_trabajo_Linkedin;Indeed` <- NULL"
"0",""
"0","##donde_buscas_trabajo_Linkedin;Indeed;Monster"
"0","v <- which(soet2_clean$`donde_buscas_trabajo_Linkedin;Indeed;Monster`== 1)"
"0",""
"0","soet2_clean$donde_buscas_trabajo_Indeed[v] <- 1"
"0","soet2_clean$donde_buscas_trabajo_Linkedin[v] <- 1"
"0","soet2_clean$donde_buscas_trabajo_Monster[v] <- 1"
"0",""
"0","soet2_clean$`donde_buscas_trabajo_Linkedin;Indeed;Monster` <- NULL"
"0",""
"0","##donde_buscas_trabajo_Naukri;Linkedin"
"0","v <- which(soet2_clean$`donde_buscas_trabajo_Naukri;Linkedin`== 1)"
"0",""
"0","soet2_clean$donde_buscas_trabajo_Linkedin[v] <- 1"
"0","soet2_clean$donde_buscas_trabajo_Naukri[v] <- 1"
"0",""
"0","soet2_clean$`donde_buscas_trabajo_Naukri;Linkedin` <- NULL"
"0",""
"0","##donde_buscas_trabajo_Naukri;Linkedin;Fiverr"
"0","v <- which(soet2_clean$`donde_buscas_trabajo_Naukri;Linkedin;Fiverr`== 1)"
"0",""
"0","soet2_clean$donde_buscas_trabajo_Linkedin[v] <- 1"
"0","soet2_clean$donde_buscas_trabajo_Naukri[v] <- 1"
"0",""
"0","soet2_clean$donde_buscas_trabajo_Fiverr <- n"
"0","soet2_clean$donde_buscas_trabajo_Fiverr[v] <- 1"
"0",""
"0","soet2_clean$`donde_buscas_trabajo_Naukri;Linkedin;Fiverr` <- NULL"
"0",""
"0","##donde_buscas_trabajo_Naukri;Linkedin;Indeed"
"0","v <- which(soet2_clean$`donde_buscas_trabajo_Naukri;Linkedin;Indeed`== 1)"
"0",""
"0","soet2_clean$donde_buscas_trabajo_Linkedin[v] <- 1"
"0","soet2_clean$donde_buscas_trabajo_Naukri[v] <- 1"
"0","soet2_clean$donde_buscas_trabajo_Indeed[v] <- 1"
"0",""
"0","soet2_clean$`donde_buscas_trabajo_Naukri;Linkedin;Indeed` <- NULL"
"0",""
"0","##donde_buscas_trabajo_Naukri;Linkedin;Indeed;Google"
"0","v <- which(soet2_clean$`donde_buscas_trabajo_Naukri;Linkedin;Indeed;Google`== 1)"
"0",""
"0","soet2_clean$donde_buscas_trabajo_Linkedin[v] <- 1"
"0","soet2_clean$donde_buscas_trabajo_Naukri[v] <- 1"
"0","soet2_clean$donde_buscas_trabajo_Indeed[v] <- 1"
"0",""
"0","soet2_clean$donde_buscas_trabajo_Google <- n"
"0","soet2_clean$donde_buscas_trabajo_Google[v] <- 1"
"0",""
"0","soet2_clean$`donde_buscas_trabajo_Naukri;Linkedin;Indeed;Google` <- NULL"
"0",""
"0","##donde_buscas_trabajo_Naukri;Linkedin;Indeed;Instagram;Facebook"
"0","v <- which(soet2_clean$`donde_buscas_trabajo_Naukri;Linkedin;Indeed;Instagram;Facebook`== 1)"
"0",""
"0","soet2_clean$donde_buscas_trabajo_Linkedin[v] <- 1"
"0","soet2_clean$donde_buscas_trabajo_Naukri[v] <- 1"
"0","soet2_clean$donde_buscas_trabajo_Indeed[v] <- 1"
"0",""
"0","soet2_clean$donde_buscas_trabajo_Instagram <- n"
"0","soet2_clean$donde_buscas_trabajo_Instagram[v] <- 1"
"0",""
"0","soet2_clean$donde_buscas_trabajo_Facebook <- n"
"0","soet2_clean$donde_buscas_trabajo_Facebook[v] <- 1"
"0",""
"0","soet2_clean$`donde_buscas_trabajo_Naukri;Linkedin;Indeed;Instagram;Facebook` <- NULL"
"0",""
"0","##donde_buscas_trabajo_Naukri;Linkedin;Indeed;Monster"
"0","v <- which(soet2_clean$`donde_buscas_trabajo_Naukri;Linkedin;Indeed;Monster`== 1)"
"0",""
"0","soet2_clean$donde_buscas_trabajo_Linkedin[v] <- 1"
"0","soet2_clean$donde_buscas_trabajo_Naukri[v] <- 1"
"0","soet2_clean$donde_buscas_trabajo_Indeed[v] <- 1"
"0","soet2_clean$donde_buscas_trabajo_Monster[v] <- 1"
"0",""
"0",""
"0","soet2_clean$`donde_buscas_trabajo_Naukri;Linkedin;Indeed;Monster` <- NULL"
"0",""
"0","##donde_buscas_trabajo_Naukri;Linkedin;Indeed;Monster;Hirist"
"0","v <- which(soet2_clean$`donde_buscas_trabajo_Naukri;Linkedin;Indeed;Monster;Hirist`== 1)"
"0",""
"0","soet2_clean$donde_buscas_trabajo_Linkedin[v] <- 1"
"0","soet2_clean$donde_buscas_trabajo_Naukri[v] <- 1"
"0","soet2_clean$donde_buscas_trabajo_Indeed[v] <- 1"
"0","soet2_clean$donde_buscas_trabajo_Monster[v] <- 1"
"0",""
"0","soet2_clean$donde_buscas_trabajo_Hirist <- n"
"0","soet2_clean$donde_buscas_trabajo_Hirist[v] <- 1"
"0",""
"0","soet2_clean$`donde_buscas_trabajo_Naukri;Linkedin;Indeed;Monster;Hirist` <- NULL"
"0",""
"0","##donde_buscas_trabajo_Naukri;Linkedin;Monster"
"0","v <- which(soet2_clean$`donde_buscas_trabajo_Naukri;Linkedin;Monster`== 1)"
"0",""
"0","soet2_clean$donde_buscas_trabajo_Linkedin[v] <- 1"
"0","soet2_clean$donde_buscas_trabajo_Naukri[v] <- 1"
"0","soet2_clean$donde_buscas_trabajo_Monster[v] <- 1"
"0",""
"0","soet2_clean$`donde_buscas_trabajo_Naukri;Linkedin;Monster` <- NULL"
"0",""
"0","##compañia_soñada_Amazon,Google,Apple"
"0","v <- which(soet2_clean$`compañia_soñada_Amazon,Google,Apple`== 1)"
"0",""
"0","soet2_clean$compañia_soñada_Apple[v] <- 1"
"0",""
"0","soet2_clean$compañia_soñada_Google <- n"
"0","soet2_clean$compañia_soñada_Google[v] <- 1"
"0",""
"0","soet2_clean$compañia_soñada_Amazon <- n"
"0","soet2_clean$compañia_soñada_Amazon[v] <- 1"
"0",""
"0","soet2_clean$`compañia_soñada_Amazon,Google,Apple` <- NULL"
"0",""
"0","##compañia_soñada_All types"
"0","v <- which(soet2_clean$`compañia_soñada_All types`== 1)"
"0",""
"0","soet2_clean$compañia_soñada_Apple[v] <- 1"
"0","soet2_clean$compañia_soñada_Google[v] <- 1"
"0","soet2_clean$compañia_soñada_Amazon[v] <- 1"
"0","soet2_clean$compañia_soñada_Both[v] <- 1"
"0","soet2_clean$`compañia_soñada_Interior design`[v] <- 1"
"0","soet2_clean$compañia_soñada_MNC[v] <- 1"
"0","soet2_clean$`compañia_soñada_Product based`[v] <- 1"
"0","soet2_clean$compañia_soñada_Startup[v] <- 1"
"0",""
"0","soet2_clean$`compañia_soñada_All types` <- NULL"
