{"chunk_definitions":[{"row":11,"row_count":1,"visible":true,"expansion_state":0,"options":{"engine":"r","label":"setup","include":false},"document_id":"ED0BC64D","chunk_id":"csetup_chunk","chunk_label":"setup"},{"row":25,"row_count":1,"visible":true,"expansion_state":0,"options":{"engine":"r","include":false,"label":"unnamed-chunk-154"},"document_id":"ED0BC64D","chunk_id":"cun54zu2dt8ne","chunk_label":"unnamed-chunk-1"},{"row":29,"row_count":1,"visible":true,"expansion_state":0,"options":{"engine":"r","echo":true,"label":"unnamed-chunk-155"},"document_id":"ED0BC64D","chunk_id":"c6o5x0idl00f0","chunk_label":"unnamed-chunk-2"},{"row":38,"row_count":1,"visible":true,"expansion_state":0,"options":{"engine":"r","include":true,"label":"unnamed-chunk-156"},"document_id":"ED0BC64D","chunk_id":"c131fj2c56sfh","chunk_label":"unnamed-chunk-3"},{"row":56,"row_count":1,"visible":true,"expansion_state":0,"options":{"engine":"r","label":"unnamed-chunk-157"},"document_id":"ED0BC64D","chunk_id":"ci6qjlftce0j9","chunk_label":"unnamed-chunk-4"},{"row":66,"row_count":1,"visible":true,"expansion_state":0,"options":{"engine":"r","label":"unnamed-chunk-158"},"document_id":"ED0BC64D","chunk_id":"cykz5q2xfy3cx","chunk_label":"unnamed-chunk-5"},{"row":78,"row_count":1,"visible":true,"expansion_state":0,"options":{"engine":"r","label":"unnamed-chunk-159"},"document_id":"ED0BC64D","chunk_id":"c2z33nsfrlm4g","chunk_label":"unnamed-chunk-6"},{"row":85,"row_count":1,"visible":true,"expansion_state":0,"options":{"engine":"r","label":"unnamed-chunk-160"},"document_id":"ED0BC64D","chunk_id":"cnyvdm95kwix8","chunk_label":"unnamed-chunk-7"},{"row":96,"row_count":1,"visible":true,"expansion_state":0,"options":{"engine":"r","label":"unnamed-chunk-161"},"document_id":"ED0BC64D","chunk_id":"cvsnala09xmft","chunk_label":"unnamed-chunk-8"},{"row":110,"row_count":1,"visible":true,"expansion_state":0,"options":{"engine":"r","label":"unnamed-chunk-162"},"document_id":"ED0BC64D","chunk_id":"cdg481af14mwz","chunk_label":"unnamed-chunk-9"},{"row":118,"row_count":1,"visible":true,"expansion_state":0,"options":{"engine":"r","label":"unnamed-chunk-163"},"document_id":"ED0BC64D","chunk_id":"cacqw0vzqtnqg","chunk_label":"unnamed-chunk-10"},{"row":131,"row_count":1,"visible":true,"expansion_state":0,"options":{"engine":"r","label":"unnamed-chunk-164"},"document_id":"ED0BC64D","chunk_id":"czdf6bhq25n0t","chunk_label":"unnamed-chunk-11"},{"row":143,"row_count":1,"visible":true,"expansion_state":0,"options":{"engine":"r","label":"unnamed-chunk-165"},"document_id":"ED0BC64D","chunk_id":"c4zlr0j8b7nnl","chunk_label":"unnamed-chunk-12"},{"row":154,"row_count":1,"visible":true,"expansion_state":0,"options":{"engine":"r","label":"unnamed-chunk-166"},"document_id":"ED0BC64D","chunk_id":"c1f2wreys90ea","chunk_label":"unnamed-chunk-13"},{"row":181,"row_count":1,"visible":true,"expansion_state":0,"options":{"engine":"r","label":"unnamed-chunk-167"},"document_id":"ED0BC64D","chunk_id":"cpk99m79vm6zt","chunk_label":"unnamed-chunk-14"},{"row":197,"row_count":1,"visible":true,"expansion_state":0,"options":{"engine":"r","label":"unnamed-chunk-168"},"document_id":"ED0BC64D","chunk_id":"c1ogzr4rkccds","chunk_label":"unnamed-chunk-15"},{"row":205,"row_count":1,"visible":true,"expansion_state":0,"options":{"engine":"r","label":"unnamed-chunk-169"},"document_id":"ED0BC64D","chunk_id":"ceka78n7u1fs5","chunk_label":"unnamed-chunk-16"},{"row":259,"row_count":1,"visible":true,"expansion_state":0,"options":{"engine":"r","label":"unnamed-chunk-170"},"document_id":"ED0BC64D","chunk_id":"cop4buzh9p14e","chunk_label":"unnamed-chunk-17"},{"row":270,"row_count":1,"visible":true,"expansion_state":0,"options":{"engine":"r","label":"unnamed-chunk-171"},"document_id":"ED0BC64D","chunk_id":"cfnmls0lihai1","chunk_label":"unnamed-chunk-18"},{"row":295,"row_count":1,"visible":true,"expansion_state":0,"options":{"engine":"r","label":"unnamed-chunk-172"},"document_id":"ED0BC64D","chunk_id":"chmjsxboz82q8","chunk_label":"unnamed-chunk-19"},{"row":303,"row_count":1,"visible":true,"expansion_state":0,"options":{"engine":"r","label":"unnamed-chunk-173"},"document_id":"ED0BC64D","chunk_id":"cq3jyanxi79eg","chunk_label":"unnamed-chunk-20"},{"row":330,"row_count":1,"visible":true,"expansion_state":0,"options":{"engine":"r","label":"unnamed-chunk-174"},"document_id":"ED0BC64D","chunk_id":"c74xy982h2d9h","chunk_label":"unnamed-chunk-21"},{"row":342,"row_count":1,"visible":true,"expansion_state":0,"options":{"engine":"r","label":"unnamed-chunk-175"},"document_id":"ED0BC64D","chunk_id":"cpftrbazg5jge","chunk_label":"unnamed-chunk-22"},{"row":350,"row_count":1,"visible":true,"expansion_state":0,"options":{"engine":"r","label":"unnamed-chunk-176"},"document_id":"ED0BC64D","chunk_id":"ciedj3gch2u9i","chunk_label":"unnamed-chunk-23"},{"row":358,"row_count":1,"visible":true,"expansion_state":0,"options":{"engine":"r","label":"unnamed-chunk-177"},"document_id":"ED0BC64D","chunk_id":"cic4f9vqnk841","chunk_label":"unnamed-chunk-24"},{"row":375,"row_count":1,"visible":true,"expansion_state":0,"options":{"engine":"r","label":"unnamed-chunk-179"},"document_id":"ED0BC64D","chunk_id":"cxu4mts5gsgl6","chunk_label":"unnamed-chunk-25"},{"row":382,"row_count":1,"visible":true,"expansion_state":0,"options":{"engine":"r","label":"unnamed-chunk-180"},"document_id":"ED0BC64D","chunk_id":"cpk2c3azitig8","chunk_label":"unnamed-chunk-26"}],"doc_write_time":1683133047,"working_dir":null,"default_chunk_options":{"echo":true}}