{"chunk_definitions":[{"row":10,"row_count":1,"visible":true,"expansion_state":0,"options":{"engine":"r","echo":true,"label":"unnamed-chunk-25"},"document_id":"7B6ADFE1","chunk_id":"cxeb0ded8eii5","chunk_label":"unnamed-chunk-1"},{"row":13,"row_count":1,"visible":true,"expansion_state":0,"options":{"engine":"r","include":false,"label":"unnamed-chunk-26"},"document_id":"7B6ADFE1","chunk_id":"cidbx9mj3ik7r","chunk_label":"unnamed-chunk-2"},{"row":24,"row_count":1,"visible":true,"expansion_state":0,"options":{"engine":"r","include":true,"label":"unnamed-chunk-27"},"document_id":"7B6ADFE1","chunk_id":"cqsi9fc8wbdqf","chunk_label":"unnamed-chunk-3"},{"row":34,"row_count":1,"visible":true,"expansion_state":0,"options":{},"document_id":"7B6ADFE1","chunk_id":"c3bygsw8jred6","chunk_label":"unnamed-chunk-4"},{"row":94,"row_count":1,"visible":true,"expansion_state":0,"options":{},"document_id":"7B6ADFE1","chunk_id":"c47l1uaqc9ika","chunk_label":"unnamed-chunk-5"}],"doc_write_time":1682442953}