{"chunk_definitions":[{"row":26,"row_count":1,"visible":true,"expansion_state":0,"options":{"engine":"---","label":"unnamed-chunk-57"},"document_id":"4933CD30","chunk_id":"cg3ecg7ybsv2q","chunk_label":"unnamed-chunk-2"},{"row":30,"row_count":1,"visible":true,"expansion_state":0,"options":{"engine":"r","include":false,"label":"unnamed-chunk-58"},"document_id":"F042544A","chunk_id":"cxzhh1qtdttwf","chunk_label":"unnamed-chunk-2"},{"row":35,"row_count":1,"visible":true,"expansion_state":0,"options":{"engine":"r","include":false,"label":"unnamed-chunk-59"},"document_id":"F042544A","chunk_id":"c02664b3ut8jw","chunk_label":"unnamed-chunk-3"},{"row":41,"row_count":1,"visible":true,"expansion_state":0,"options":{"engine":"r","include":true,"label":"unnamed-chunk-4"},"document_id":"318D9207","chunk_id":"cg01uw4af5y3q","chunk_label":"unnamed-chunk-4"},{"row":56,"row_count":1,"visible":true,"expansion_state":0,"options":{"engine":"r","include":true,"label":"unnamed-chunk-5"},"document_id":"318D9207","chunk_id":"c8hmllojfe014","chunk_label":"unnamed-chunk-5"},{"row":85,"row_count":1,"visible":true,"expansion_state":0,"options":{"engine":"r","include":true,"label":"unnamed-chunk-56"},"document_id":"318D9207","chunk_id":"cifzlyhtyml75","chunk_label":"unnamed-chunk-6"},{"row":95,"row_count":1,"visible":true,"expansion_state":0,"options":{"engine":"r","include":true,"label":"unnamed-chunk-7"},"document_id":"318D9207","chunk_id":"cngp4elldcu0c","chunk_label":"unnamed-chunk-7"},{"row":106,"row_count":1,"visible":true,"expansion_state":0,"options":{"engine":"r","include":true,"label":"unnamed-chunk-8"},"document_id":"318D9207","chunk_id":"csbq9kzl9oofr","chunk_label":"unnamed-chunk-8"},{"row":145,"row_count":1,"visible":true,"expansion_state":0,"options":{"engine":"r","include":true,"label":"unnamed-chunk-9"},"document_id":"318D9207","chunk_id":"ctw3fz71rzd39","chunk_label":"unnamed-chunk-9"},{"row":157,"row_count":1,"visible":true,"expansion_state":0,"options":{"engine":"r","include":true,"label":"unnamed-chunk-10"},"document_id":"4933CD30","chunk_id":"caiqxpq91cmhh","chunk_label":"unnamed-chunk-10"},{"row":506,"row_count":1,"visible":true,"expansion_state":0,"options":{"engine":"r","include":true,"label":"unnamed-chunk-11"},"document_id":"4933CD30","chunk_id":"c7chskg4ryk3d","chunk_label":"unnamed-chunk-11"}],"doc_write_time":1682676508}