{"chunk_definitions":[{"row":10,"row_count":1,"visible":true,"expansion_state":0,"options":{"engine":"r","echo":true,"warning":false,"label":"unnamed-chunk-160"},"document_id":"FD56426E","chunk_id":"cwdthfv4m825t","chunk_label":"unnamed-chunk-1"},{"row":19,"row_count":1,"visible":true,"expansion_state":0,"options":{"engine":"r","include":true,"label":"unnamed-chunk-162"},"document_id":"776C3EEC","chunk_id":"cjy92hsrx5e54","chunk_label":"unnamed-chunk-2"},{"row":38,"row_count":1,"visible":true,"expansion_state":0,"options":{"engine":"r","label":"unnamed-chunk-169"},"document_id":"FD56426E","chunk_id":"cp34dg36ijkfh","chunk_label":"unnamed-chunk-3"},{"row":45,"row_count":1,"visible":true,"expansion_state":0,"options":{"engine":"r","echo":true,"warning":false,"label":"unnamed-chunk-170"},"document_id":"776C3EEC","chunk_id":"chq83uab6c64c","chunk_label":"unnamed-chunk-4"},{"row":53,"row_count":1,"visible":true,"expansion_state":0,"options":{"engine":"r","include":true,"label":"unnamed-chunk-172"},"document_id":"FD56426E","chunk_id":"c7ip4us913d25","chunk_label":"unnamed-chunk-5"},{"row":65,"row_count":1,"visible":true,"expansion_state":0,"options":{"engine":"r","include":true,"label":"unnamed-chunk-174"},"document_id":"FD56426E","chunk_id":"cb4rkgeigd3n0","chunk_label":"unnamed-chunk-6"},{"row":79,"row_count":1,"visible":true,"expansion_state":0,"options":{"engine":"r","include":true,"label":"unnamed-chunk-26"},"document_id":"FD56426E","chunk_id":"coag2wz6adapy","chunk_label":"unnamed-chunk-8"},{"row":87,"row_count":1,"visible":true,"expansion_state":0,"options":{"engine":"r","include":true,"label":"unnamed-chunk-47"},"document_id":"776C3EEC","chunk_id":"ctlbie6ozecth","chunk_label":"unnamed-chunk-9"},{"row":92,"row_count":1,"visible":true,"expansion_state":0,"options":{"engine":"r","label":"unnamed-chunk-48"},"document_id":"FD56426E","chunk_id":"c7e196yuy7008","chunk_label":"unnamed-chunk-10"},{"row":98,"row_count":1,"visible":true,"expansion_state":0,"options":{"engine":"r","include":true,"label":"unnamed-chunk-49"},"document_id":"FD56426E","chunk_id":"ce49bo48h3x9c","chunk_label":"unnamed-chunk-11"},{"row":115,"row_count":1,"visible":true,"expansion_state":0,"options":{"engine":"r","include":true,"label":"unnamed-chunk-53"},"document_id":"FD56426E","chunk_id":"ckb1unvnl0fe5","chunk_label":"unnamed-chunk-12"},{"row":137,"row_count":1,"visible":true,"expansion_state":0,"options":{"engine":"r","include":true,"label":"unnamed-chunk-178"},"document_id":"FD56426E","chunk_id":"cd52mbaxcp167","chunk_label":"unnamed-chunk-13"},{"row":151,"row_count":1,"visible":true,"expansion_state":0,"options":{"engine":"r","include":true,"label":"unnamed-chunk-181"},"document_id":"776C3EEC","chunk_id":"cskl7pt006g3b","chunk_label":"unnamed-chunk-14"},{"row":163,"row_count":1,"visible":true,"expansion_state":0,"options":{"engine":"r","include":true,"label":"unnamed-chunk-185"},"document_id":"FD56426E","chunk_id":"caez6nkxwy74d","chunk_label":"unnamed-chunk-15"},{"row":169,"row_count":1,"visible":true,"expansion_state":0,"options":{"engine":"r","include":true,"label":"unnamed-chunk-186"},"document_id":"FD56426E","chunk_id":"crbek36el6lh1","chunk_label":"unnamed-chunk-16"},{"row":195,"row_count":1,"visible":true,"expansion_state":0,"options":{"engine":"r","include":true,"label":"unnamed-chunk-192"},"document_id":"776C3EEC","chunk_id":"cea2ia1sz8cbe","chunk_label":"unnamed-chunk-17"},{"row":210,"row_count":1,"visible":true,"expansion_state":0,"options":{"engine":"r","include":true,"label":"unnamed-chunk-196"},"document_id":"776C3EEC","chunk_id":"c3e266gazmto8","chunk_label":"unnamed-chunk-18"}],"doc_write_time":1682681831,"chunk_rendered_width":676}