{"chunk_definitions":[{"row":10,"row_count":1,"visible":true,"expansion_state":0,"options":{"engine":"r","echo":true,"warning":false,"label":"unnamed-chunk-26"},"document_id":"FD56426E","chunk_id":"cwdthfv4m825t","chunk_label":"unnamed-chunk-1"},{"row":19,"row_count":1,"visible":true,"expansion_state":0,"options":{"engine":"r","include":true,"label":"unnamed-chunk-27"},"document_id":"776C3EEC","chunk_id":"cjy92hsrx5e54","chunk_label":"unnamed-chunk-2"},{"row":38,"row_count":1,"visible":true,"expansion_state":0,"options":{"engine":"r","label":"unnamed-chunk-28"},"document_id":"FD56426E","chunk_id":"cp34dg36ijkfh","chunk_label":"unnamed-chunk-3"},{"row":45,"row_count":1,"visible":true,"expansion_state":0,"options":{"engine":"r","echo":true,"warning":false,"label":"unnamed-chunk-29"},"document_id":"776C3EEC","chunk_id":"chq83uab6c64c","chunk_label":"unnamed-chunk-4"},{"row":53,"row_count":1,"visible":true,"expansion_state":0,"options":{"engine":"r","include":true,"label":"unnamed-chunk-30"},"document_id":"FD56426E","chunk_id":"c7ip4us913d25","chunk_label":"unnamed-chunk-5"},{"row":65,"row_count":1,"visible":true,"expansion_state":0,"options":{"engine":"r","include":true,"label":"unnamed-chunk-31"},"document_id":"FD56426E","chunk_id":"cb4rkgeigd3n0","chunk_label":"unnamed-chunk-6"},{"row":72,"row_count":1,"visible":true,"expansion_state":0,"options":{"engine":"r","eval":false,"label":"unnamed-chunk-153"},"document_id":"776C3EEC","chunk_id":"cx5d2ib5nfui7","chunk_label":"unnamed-chunk-7"},{"row":79,"row_count":1,"visible":true,"expansion_state":0,"options":{"engine":"r","include":true,"label":"unnamed-chunk-32"},"document_id":"FD56426E","chunk_id":"coag2wz6adapy","chunk_label":"unnamed-chunk-8"},{"row":88,"row_count":1,"visible":true,"expansion_state":0,"options":{"engine":"r","include":true,"label":"unnamed-chunk-33"},"document_id":"776C3EEC","chunk_id":"ce6z53ysihoki","chunk_label":"unnamed-chunk-9"},{"row":94,"row_count":1,"visible":true,"expansion_state":0,"options":{"engine":"r","label":"unnamed-chunk-34"},"document_id":"FD56426E","chunk_id":"c7e196yuy7008","chunk_label":"unnamed-chunk-10"},{"row":100,"row_count":1,"visible":true,"expansion_state":0,"options":{"engine":"r","include":true,"label":"unnamed-chunk-35"},"document_id":"FD56426E","chunk_id":"ce49bo48h3x9c","chunk_label":"unnamed-chunk-11"},{"row":118,"row_count":1,"visible":true,"expansion_state":0,"options":{"engine":"r","include":true,"label":"unnamed-chunk-36"},"document_id":"FD56426E","chunk_id":"ckb1unvnl0fe5","chunk_label":"unnamed-chunk-12"},{"row":140,"row_count":1,"visible":true,"expansion_state":0,"options":{"engine":"r","include":true,"label":"unnamed-chunk-37"},"document_id":"FD56426E","chunk_id":"cd52mbaxcp167","chunk_label":"unnamed-chunk-13"},{"row":154,"row_count":1,"visible":true,"expansion_state":0,"options":{"engine":"r","include":true,"label":"unnamed-chunk-245"},"document_id":"776C3EEC","chunk_id":"cskl7pt006g3b","chunk_label":"unnamed-chunk-14"},{"row":166,"row_count":1,"visible":true,"expansion_state":0,"options":{"engine":"r","include":true,"label":"unnamed-chunk-246"},"document_id":"FD56426E","chunk_id":"caez6nkxwy74d","chunk_label":"unnamed-chunk-15"},{"row":172,"row_count":1,"visible":true,"expansion_state":0,"options":{"engine":"r","include":true,"label":"unnamed-chunk-247"},"document_id":"FD56426E","chunk_id":"crbek36el6lh1","chunk_label":"unnamed-chunk-16"},{"row":196,"row_count":1,"visible":true,"expansion_state":0,"options":{"engine":"r","include":true,"label":"unnamed-chunk-248"},"document_id":"776C3EEC","chunk_id":"cea2ia1sz8cbe","chunk_label":"unnamed-chunk-17"},{"row":211,"row_count":1,"visible":true,"expansion_state":0,"options":{"engine":"r","include":true,"label":"unnamed-chunk-249"},"document_id":"776C3EEC","chunk_id":"c3e266gazmto8","chunk_label":"unnamed-chunk-18"}],"doc_write_time":1683470355}