{"chunk_definitions":[{"row":30,"row_count":1,"visible":true,"expansion_state":0,"options":{"engine":"r","include":false,"label":"unnamed-chunk-4"},"document_id":"F042544A","chunk_id":"cxzhh1qtdttwf","chunk_label":"unnamed-chunk-2"},{"row":34,"row_count":1,"visible":true,"expansion_state":0,"options":{"engine":"r","include":false,"label":"unnamed-chunk-5"},"document_id":"F042544A","chunk_id":"c02664b3ut8jw","chunk_label":"unnamed-chunk-3"},{"row":38,"row_count":1,"visible":true,"expansion_state":0,"options":{"engine":"r","include":true,"label":"unnamed-chunk-6"},"document_id":"F042544A","chunk_id":"crm0jso1d0qbv","chunk_label":"unnamed-chunk-4"},{"row":51,"row_count":1,"visible":true,"expansion_state":0,"options":{"engine":"r","include":true,"label":"unnamed-chunk-7"},"document_id":"F042544A","chunk_id":"ck67ijp4o0voo","chunk_label":"unnamed-chunk-5"},{"row":81,"row_count":1,"visible":true,"expansion_state":0,"options":{"engine":"r","include":true,"label":"unnamed-chunk-8"},"document_id":"13D222C9","chunk_id":"clf805x9u2y1f","chunk_label":"unnamed-chunk-6"},{"row":91,"row_count":1,"visible":true,"expansion_state":0,"options":{"engine":"r","include":true,"label":"unnamed-chunk-9"},"document_id":"13D222C9","chunk_id":"cbe2upolggfp1","chunk_label":"unnamed-chunk-7"},{"row":102,"row_count":1,"visible":true,"expansion_state":0,"options":{"engine":"r","include":true,"label":"unnamed-chunk-10"},"document_id":"13D222C9","chunk_id":"cycukhtkynuel","chunk_label":"unnamed-chunk-8"},{"row":158,"row_count":1,"visible":true,"expansion_state":0,"options":{"engine":"r","include":true,"label":"unnamed-chunk-74"},"document_id":"F042544A","chunk_id":"clh4lgomy21y1","chunk_label":"unnamed-chunk-9"}],"doc_write_time":1681987216}