"","sexo","altura","edad","tabaco","ubes","carneRoja","verduras","deporte","drogas","dietaEsp","nivEstPad","nivEstudios","nivIngresos","IMC","peso"
"1","M",1.63,18,0,0,0,5,0,2,"S","0","1","2",22.7526382375873,60.4514845334456
"2","V",1.68,35,0,1,1,6,0,0,"N","1","3","2",23.7197514609516,66.9466265233898
"3","V",1.77,39,30,13,0,0,6,0,"N","2","3","1",27.8544884345136,87.2653268164877
"4","M",1.59,57,60,4,4,16,15,0,"N","2","2","2",19.7873203742207,50.0243246380673
"5","M",1.58,18,0,3,1,0,7,0,"N","2","4","4",27.9850074878039,69.8617726925536
"6","M",1.66,35,160,0,0,0,4,0,"N","0","2","3",34.5727327098239,95.2686222551907
"7","V",1.75,46,140,3,1,0,0,0,"S","0","1","0",31.193118783216,95.5289262735991
"8","M",1.73,54,0,0,0,9,4,0,"N","0","0","1",20.8468802721478,62.3926279665111
"9","V",1.67,18,0,0,0,11,0,0,"S","1","2","3",22.6959125155478,63.2966304146114
"10","V",1.74,53,0,3,1,4,0,0,"N","1","2","1",23.4127899816468,70.884562948434
"11","V",1.76,32,0,19,0,21,13,0,"N","0","1","2",16.928730927458,52.4384369208938
"12","V",1.85,33,0,0,1,14,2,0,"N","1","2","2",19.9985126436283,68.4449095228177
"13","M",1.65,29,0,6,0,7,4,0,"N","1","1","1",22.9656888748291,62.5240879617221
"14","M",1.66,35,0,0,1,0,0,0,"N","0","1","2",25.608939538131,70.5679937912738
"15","V",1.77,25,0,0,0,0,1,0,"N","1","2","2",26.8892489375404,84.2413279964202
"16","M",1.71,45,0,0,4,8,0,0,"N","1","1","3",20.7846619173375,60.7764299124866
"17","M",1.73,38,0,0,2,8,0,0,"N","0","0","2",21.2432773031166,63.5790046404976
"18","V",1.78,37,0,15,2,2,0,1,"N","3","4","4",25.0876166556734,79.4876046118355
"19","M",1.51,29,0,3,0,8,0,0,"N","1","2","1",22.9937565070079,52.4280642116287
"20","M",1.58,46,20,15,3,17,14,0,"N","2","4","4",19.5472326625458,48.7977116187794
"21","V",1.66,56,0,0,0,0,7,0,"N","1","3","3",26.3823659669504,72.6992476585285
"22","M",1.61,31,0,26,5,0,3,0,"N","0","0","0",22.9887341916569,59.5890978981938
"23","V",1.79,68,0,6,5,6,8,0,"N","1","2","2",20.4516731742595,65.5292060176447
"24","M",1.61,53,0,0,3,10,17,5,"N","1","2","3",16.1727624450102,41.9214175337108
"25","V",1.75,18,0,0,0,18,8,0,"N","0","0","0",17.7502065594236,54.3600075882349
"26","V",1.86,49,30,7,0,2,0,0,"N","2","2","2",26.5482358988548,91.8462769156779
"27","V",1.8,18,0,0,9,0,4,0,"N","2","3","4",24.3456885563305,78.8800309225107
"28","V",1.77,37,0,0,0,4,2,0,"N","0","0","0",23.1891439150297,72.6492689713966
"29","M",1.65,29,70,0,6,0,0,0,"N","1","2","2",27.47859829973,74.8104838710151
"30","M",1.6,31,90,0,4,11,7,0,"N","2","3","4",25.5270520061002,65.3492531356165
"31","V",1.7,26,0,0,6,5,2,0,"N","2","1","2",21.5656828813807,62.3248235271903
"32","V",1.74,18,0,6,0,9,9,0,"N","1","2","2",23.1967716434445,70.2305458276925
"33","M",1.67,18,0,0,4,0,3,0,"S","1","1","0",24.2142101579075,67.5310107093882
"34","M",1.68,27,0,0,0,0,0,0,"N","0","2","4",27.6582784563526,78.0627251152095
"35","V",1.81,47,10,0,0,0,0,0,"N","3","3","3",27.2007751182489,89.1124593648954
"36","M",1.59,21,120,0,1,0,6,1,"S","0","1","1",30.7998468256689,77.8650927599735
"37","V",1.67,61,0,1,0,0,0,0,"N","0","2","0",24.8125334563041,69.1996745562866
"38","V",1.83,44,140,1,2,14,12,0,"N","2","3","3",26.5277584771019,88.8388103639666
"39","M",1.62,29,0,0,3,8,0,0,"N","0","3","3",22.5708390456657,59.234909991445
"40","V",1.73,73,0,0,0,0,0,0,"N","1","2","2",25.0848132661622,75.0763376242968
"41","M",1.68,48,90,0,4,0,0,0,"N","0","0","1",27.6015405675216,77.902588097773
"42","M",1.67,18,0,0,0,0,0,0,"N","2","3","2",27.4327090762795,76.507082342836
"43","M",1.66,65,0,0,2,0,0,0,"N","1","2","2",24.5119447984136,67.5451150865086
"44","M",1.65,36,0,2,0,23,6,0,"N","1","2","2",16.3669151244844,44.5589264264087
"45","V",1.7,40,0,11,4,0,1,0,"N","1","1","2",24.1105658695617,69.6795353630334
"46","M",1.7,46,0,0,0,6,0,0,"N","0","1","2",22.9951441280369,66.4559665300267
"47","V",1.73,27,50,0,2,0,0,0,"N","2","4","4",29.6102592408403,88.620544881911
"48","M",1.66,62,0,0,0,1,2,0,"N","0","2","0",24.3354272506128,67.0587033317886
"49","M",1.61,42,0,3,3,13,2,8,"S","0","0","1",11.2910937418763,29.2676440883177
"50","M",1.64,37,0,7,2,6,3,4,"S","1","2","3",19.8364036394214,53.3519912285878
"51","M",1.69,25,0,5,0,3,1,0,"N","2","3","2",25.851020819924,73.833100563785
"52","V",1.72,18,0,0,2,0,0,0,"N","1","4","4",27.5482036146481,81.4986055735749
"53","M",1.63,63,0,7,0,12,0,0,"N","2","3","3",20.8450535477564,55.3832227710339
"54","V",1.77,44,0,0,1,14,2,0,"N","2","4","3",20.388365815673,63.874711263922
"55","V",1.68,46,190,0,6,0,0,0,"N","2","3","3",33.258938621607,93.8700283656234
"56","V",1.77,33,20,0,2,10,3,0,"N","0","1","2",21.8123374517367,68.335872002546
"57","M",1.65,28,0,0,4,0,0,0,"N","0","0","1",24.032691597693,65.4290028747193
"58","M",1.7,27,0,0,4,4,0,0,"N","0","0","2",22.541241248313,65.1441872076245
"59","V",1.73,45,0,0,5,0,0,0,"N","0","0","0",22.4624404541716,67.22783803529
"60","V",1.68,35,0,7,1,1,6,0,"N","2","1","2",25.16942574226,71.0381872149547
"61","V",1.75,29,0,0,1,12,0,0,"N","2","3","4",22.1524374831012,67.8418397919974
"62","V",1.71,58,0,0,0,4,8,0,"N","0","1","0",22.6996740742317,66.3761169604608
"63","V",1.76,34,0,0,0,16,9,0,"S","0","1","1",18.8221026628886,58.3033452085638
"64","V",1.82,39,0,2,1,0,1,0,"N","2","4","4",27.1955668815759,90.082595738532
"65","M",1.65,44,0,12,7,0,0,0,"N","2","4","4",24.3867815935393,66.3930128884108
"66","V",1.58,37,50,3,2,0,2,0,"N","1","4","4",29.2343351426365,72.9805942500778
"67","V",1.79,47,0,0,0,22,15,0,"N","2","4","3",17.1962820924001,55.0986074522591
"68","M",1.63,44,150,0,0,0,2,0,"N","0","1","0",32.1851849389277,85.512817864237
"69","V",1.76,32,0,0,0,12,10,0,"N","0","0","0",19.860995597164,61.5214199617752
"70","M",1.68,33,0,0,1,4,9,0,"N","1","1","2",23.926069174288,67.5289376375103
"71","V",1.85,23,0,7,4,18,13,0,"N","2","2","2",17.3059699388809,59.2296821158199
"72","M",1.65,43,0,0,1,14,7,0,"N","2","3","3",20.2810702792663,55.2152138353024
"73","M",1.64,48,0,14,6,0,2,0,"N","3","4","2",23.8290014889606,64.0904824047084
"74","V",1.76,32,0,0,1,0,1,0,"N","3","4","2",26.6144994118656,82.4410733781948
"75","V",1.71,60,0,0,0,0,0,0,"N","0","2","2",25.5735145938271,74.7795140238098
"76","M",1.69,71,0,6,6,0,1,3,"N","0","1","0",18.746293949179,53.5412901482502
"77","M",1.51,18,80,0,5,2,0,8,"N","0","1","3",20.9021269427139,47.6589396420819
"78","V",1.69,57,0,5,5,0,0,0,"N","0","1","1",22.8056786051762,65.1352986642437
"79","M",1.64,45,10,0,1,7,9,0,"N","2","1","0",21.9131076040431,58.9374942118343
"80","M",1.65,39,0,0,2,0,0,0,"N","1","2","1",25.2603350294601,68.7712621177052
"81","V",1.78,24,120,3,2,1,2,0,"N","1","2","2",31.3746493601598,99.4074390327302
"82","V",1.68,31,0,7,0,0,0,0,"N","2","1","1",25.9671006262849,73.2895448076266
"83","V",1.83,32,0,0,0,9,8,2,"N","2","4","4",22.2052862993446,74.3632832878751
"84","V",1.82,23,0,0,0,7,0,0,"N","1","2","1",23.6588247618011,78.3674911409901
"85","M",1.65,18,0,2,2,4,0,3,"N","3","4","3",22.7221918146198,61.8611672153023
"86","M",1.7,50,0,2,0,8,0,1,"N","1","2","3",21.944193208263,63.4187183718799
"87","M",1.65,41,0,5,1,6,4,0,"N","1","3","1",23.265184577746,63.3394650129135
"88","V",1.63,34,0,1,0,6,7,0,"N","2","3","3",24.572316207773,65.2861869324322
"89","V",1.79,52,0,5,3,5,6,1,"N","0","2","3",21.8771381567677,70.0965383680994
"90","M",1.7,49,0,0,0,0,0,0,"N","1","3","4",27.1115587103008,78.3524046727692
"91","V",1.72,44,40,12,2,4,8,4,"N","3","3","4",23.1189533586854,68.3951116163349
"92","V",1.73,30,0,3,0,0,0,0,"N","0","2","3",27.0794553522837,81.04610192385
"93","M",1.68,18,10,11,2,0,1,0,"N","0","1","2",26.2912840948368,74.2045202292673
"94","V",1.77,39,40,0,0,14,4,0,"N","1","1","1",21.4334780571891,67.1489434053679
"95","V",1.75,43,0,6,2,0,1,0,"N","0","1","1",24.6423839621288,75.4673008840196
"96","M",1.66,59,0,0,4,0,12,0,"N","1","3","2",24.1442047810209,66.5317706945811
"97","M",1.64,51,0,0,3,10,0,0,"N","1","1","0",19.0153265482813,51.1436222842573
"98","V",1.7,32,0,11,5,0,0,0,"N","3","4","4",25.7114982576954,74.3062299647398
"99","V",1.78,31,130,24,1,5,1,0,"N","0","1","0",29.0793584882518,92.1350394341771
"100","M",1.56,36,0,12,5,7,4,0,"N","0","1","1",20.5185226403075,49.9338766974523
"101","M",1.55,62,20,10,0,0,4,0,"N","1","2","3",26.8366531638619,64.4750592261781
"102","M",1.64,33,0,0,0,9,0,3,"N","0","3","3",20.6894564880438,55.6463621702425
"103","M",1.57,18,0,0,0,14,17,0,"N","2","2","2",20.9992026640897,51.7609346467148
"104","V",1.74,42,0,0,3,0,4,0,"N","1","2","0",24.216377623424,73.3175048926784
"105","M",1.67,28,0,0,0,18,20,0,"N","2","2","1",18.6362109581188,51.9745287410975
"106","V",1.8,51,80,0,1,14,8,0,"N","2","1","1",22.4658751178493,72.7894353818319
"107","M",1.65,30,0,3,3,0,1,0,"N","2","1","0",24.1999051132187,65.884241670738
"108","M",1.57,51,0,0,0,0,0,0,"N","1","2","2",25.9118462822105,63.8701099010207
"109","M",1.58,45,120,1,0,5,3,0,"N","0","1","0",28.5097911610072,71.1718426543384
"110","M",1.61,40,0,0,0,0,5,0,"N","0","2","2",26.3253627902347,68.2379728885673
"111","V",1.73,27,90,3,2,2,0,0,"N","1","1","0",28.1911557903299,84.3733101648784
"112","V",1.71,51,40,16,0,0,0,0,"N","0","2","1",27.6031437095877,80.7143525212053
"113","V",1.81,40,10,0,1,11,2,0,"N","1","2","3",21.9121530892588,71.7864047357209
"114","V",1.82,45,0,0,0,3,0,0,"N","1","1","1",24.1222655011868,79.9025922461311
"115","M",1.55,51,0,16,2,10,0,0,"N","0","0","0",19.1521596560071,46.0130635735572
"116","V",1.79,32,20,13,5,0,8,0,"N","2","3","3",26.0607193626908,83.5011509099977
"117","M",1.69,34,0,22,0,10,11,0,"S","0","0","1",21.1592146726844,60.4328330266539
"118","M",1.64,34,0,0,0,7,0,0,"N","2","3","2",23.7546339480568,63.8904634666936
"119","V",1.74,60,0,7,1,0,0,0,"N","0","1","3",25.0472977564668,75.8331986874788
"120","V",1.76,64,0,0,3,2,2,0,"N","3","3","3",23.8921874771781,74.008439929307
"121","M",1.66,21,100,0,2,4,0,0,"N","1","1","1",28.5121364238447,78.5680431295464
"122","V",1.66,43,0,0,2,0,0,0,"S","1","2","3",25.7171462783072,70.8661682845034
"123","M",1.71,21,10,0,0,0,0,0,"N","1","3","3",28.1781777735788,82.3958096277217
"124","V",1.8,35,0,3,3,11,3,0,"S","1","3","3",21.0267431991306,68.1266479651831
"125","M",1.72,42,50,6,0,1,3,0,"N","1","2","4",29.0552658277516,85.9570984248203
"126","V",1.75,43,0,0,0,6,4,0,"N","1","2","4",24.4197171240008,74.7853836922525
"127","M",1.75,32,0,0,5,1,5,0,"S","1","1","1",23.3059750548147,71.37454860537
"128","M",1.61,40,0,0,2,0,0,0,"N","2","3","4",26.5762826523726,68.8883822632151
"129","V",1.74,51,20,0,0,9,12,0,"N","3","3","2",23.1966903151988,70.2302995982958
"130","V",1.78,41,30,14,3,0,0,0,"N","3","4","3",27.2209608297612,86.2468922930155
"131","V",1.7,38,0,3,2,4,5,0,"N","3","4","4",25.0383002347567,72.3606876784469
"132","V",1.73,38,0,0,0,18,14,0,"N","0","1","1",17.7927054318652,53.2517880870294
"133","M",1.64,43,170,0,2,0,10,4,"N","1","2","2",30.0310803614368,80.7715937401203
"134","V",1.75,42,70,0,4,3,7,0,"N","0","1","1",25.8483694784307,79.160631527694
"135","V",1.81,18,0,6,0,0,0,0,"N","3","4","4",28.4218113609596,93.1126961996399
"136","M",1.64,36,0,0,0,13,1,0,"N","1","0","0",19.2711121620115,51.8315832709462
"137","V",1.71,40,0,0,9,0,0,0,"N","2","4","3",23.1974976119015,67.8318027669613
"138","V",1.75,34,0,0,6,3,9,3,"N","3","4","4",21.2790574353492,65.167113395757
"139","M",1.65,44,0,0,0,18,6,0,"N","0","0","1",17.267180207513,47.0098981149542
"140","M",1.69,18,0,0,2,22,0,0,"N","2","4","2",17.0346857670342,48.6527660192264
"141","M",1.68,56,0,0,3,10,0,0,"N","2","2","1",19.7893222306484,55.8533830637821
"142","V",1.76,66,20,0,0,0,0,0,"N","0","0","1",25.311550442972,78.4050586521502
"143","V",1.8,23,0,15,3,0,4,0,"N","1","2","2",25.6540221377138,83.1190317261926
"144","M",1.68,55,0,0,3,7,0,0,"N","2","3","3",22.0329501862068,62.18579860555
"145","V",1.71,38,0,9,0,0,6,0,"N","3","4","3",27.2039172899444,79.5469745475263
"146","M",1.65,24,0,0,1,4,1,0,"S","1","3","4",25.8565098991707,70.3943482004921
"147","V",1.73,51,0,0,1,13,9,0,"N","2","2","1",19.532350638449,58.4583722258142
"148","M",1.71,20,0,3,0,0,0,0,"N","2","3","2",27.3575242566388,79.9961366788374
"149","M",1.62,32,0,0,0,21,7,0,"S","1","4","4",18.6657279101844,48.986336327488
"150","V",1.76,72,0,3,4,0,1,0,"N","1","2","2",23.3751901833594,72.4069891119742
"151","M",1.68,64,130,0,0,16,9,1,"N","0","0","0",22.2736867366792,62.8652534456033
"152","V",1.79,22,30,0,3,0,4,0,"N","2","4","4",28.4012624909562,91.0004851472726
"153","M",1.65,18,0,0,2,0,0,0,"N","2","3","4",27.4033156684209,74.605526907276
"154","V",1.65,53,0,4,0,5,4,0,"N","1","3","3",24.2975742170568,66.1501458059371
"155","V",1.74,35,0,8,1,9,0,0,"N","1","2","4",22.9651111417952,69.5291704928992
"156","V",1.73,26,30,1,1,4,6,0,"N","3","4","4",27.3664454145024,81.9050344810643
"157","M",1.71,38,0,0,0,0,5,0,"N","0","0","1",25.4039829921124,74.2837866672358
"158","V",1.81,48,0,0,3,0,0,0,"N","1","0","0",23.223270971022,76.0817580281651
"159","V",1.78,65,70,0,2,0,5,0,"N","1","2","1",27.6434746145362,87.5855849686965
"160","M",1.7,42,30,0,1,6,12,6,"N","4","4","4",20.6821177817608,59.7713203892888
"161","M",1.61,39,60,0,0,5,9,2,"S","2","3","2",25.5915571068964,66.3358751767862
"162","M",1.69,51,0,5,2,0,0,0,"N","1","4","4",26.3076540905756,75.1372908480929
"163","M",1.69,52,50,0,3,0,5,0,"S","0","0","1",25.9676649497354,74.1662478629392
"164","V",1.59,18,0,0,0,10,5,0,"N","0","1","1",22.0606639952404,55.7715646463672
"165","M",1.7,49,0,0,2,0,0,0,"S","2","3","3",25.7719050893815,74.4808057083125
"166","V",1.76,34,0,26,1,5,1,0,"N","2","2","1",23.6875319723631,73.3744990375919
"167","M",1.64,27,0,0,0,0,0,2,"N","1","1","1",24.3828631042753,65.5801486052587
"168","V",1.71,49,30,2,2,2,3,0,"N","1","2","2",25.6746281525432,75.0751801808515
"169","V",1.75,21,50,3,4,13,7,0,"N","1","2","2",21.979111052452,67.3110275981344
"170","V",1.66,53,0,2,1,18,7,0,"N","1","2","3",17.8667777275822,49.2336927061254
"171","M",1.63,47,30,9,2,7,0,2,"N","1","2","2",21.817636831538,57.9672792977133
"172","V",1.75,50,0,0,4,0,7,0,"N","2","2","3",24.580391663253,75.2774494687124
"173","V",1.69,48,0,0,0,15,13,0,"N","0","0","0",17.9409756524251,51.2412205608913
"174","V",1.7,46,0,0,0,0,2,0,"N","0","0","3",25.710424601678,74.3031270988493
"175","M",1.56,45,0,3,7,0,1,0,"N","0","1","0",21.8888034732899,53.2685921325983
"176","M",1.66,57,0,12,7,0,4,0,"N","1","2","2",22.6286647111978,62.3555484781765
"177","V",1.87,42,0,0,1,0,4,0,"S","1","3","3",26.4718558312799,92.5694326564028
"178","V",1.72,43,20,7,6,19,19,1,"N","2","2","1",15.1048391211921,44.6861560561348
"179","M",1.61,47,0,0,0,14,6,0,"N","3","4","2",20.3342239955224,52.7083420187936
"180","V",1.79,19,0,0,4,0,0,0,"N","0","1","1",24.6709940515064,79.0483320404315
"181","M",1.68,35,0,2,0,0,0,0,"N","1","2","1",26.2843124150532,74.1848433602462
"182","M",1.76,24,0,5,2,0,0,0,"N","0","1","2",25.5856521729994,79.2541161710829
"183","V",1.73,42,0,12,0,8,2,0,"N","1","3","2",23.0143808736229,68.8797405166658
"184","M",1.62,57,0,5,0,19,3,0,"N","1","1","1",16.6389358494071,43.6672232431839
"185","V",1.87,32,90,1,5,2,1,2,"N","0","2","0",25.4257563885192,88.911327515013
"186","V",1.69,52,0,20,0,9,8,0,"N","1","2","1",21.6896172852682,61.9477159284546
"187","V",1.76,24,0,0,0,0,0,0,"N","1","2","2",26.9268413473607,83.4085837575846
"188","M",1.63,46,0,0,3,12,7,0,"S","2","4","4",20.7846467160703,55.2227278599272
"189","V",1.78,49,90,1,0,0,0,4,"N","1","3","1",26.8898147912182,85.1976891844957
"190","V",1.73,42,0,14,0,1,0,0,"N","0","1","1",25.1140703223898,75.1639010678805
"191","V",1.85,18,0,0,0,0,0,0,"N","2","3","2",27.4327090762795,93.8884468135667
"192","M",1.63,61,10,0,1,12,3,0,"N","2","1","2",19.8374487952649,52.7061177041393
"193","V",1.66,43,0,7,0,2,0,0,"N","0","2","3",25.7117264328769,70.8512333584356
"194","M",1.61,72,0,0,2,0,0,0,"S","0","1","1",23.5522040773379,61.0496681888675
"195","V",1.74,36,0,0,0,27,18,0,"S","1","1","2",14.1412785129508,42.8141348258098
"196","V",1.77,19,0,0,4,0,0,0,"N","2","3","4",26.492115512289,82.9971486884502
"197","M",1.58,51,0,7,3,2,0,0,"N","1","2","2",23.7224070710013,59.2206170120476
"198","M",1.65,40,0,10,0,15,8,0,"N","1","2","3",20.1108243160157,54.7517192003528
"199","V",1.82,46,0,0,0,28,18,0,"N","2","0","0",12.3024811257435,40.7507384809129
"200","V",1.82,41,70,0,3,4,3,0,"N","4","4","2",27.0050470340927,89.4515177957287
"201","V",1.74,54,0,0,1,0,0,1,"N","1","1","2",24.0273801708982,72.7452962054113
"202","V",1.73,44,0,0,1,2,0,2,"N","2","4","3",23.9279242048332,71.6138843526453
"203","M",1.66,37,0,8,0,10,8,0,"N","1","2","2",22.0430020609863,60.7416964792539
"204","V",1.74,29,10,0,0,0,0,0,"N","3","4","4",28.4883723158506,86.2513960234693
"205","M",1.62,53,10,1,0,0,0,1,"N","1","1","0",24.2584651890869,63.6639160422396
"206","V",1.74,49,0,2,2,0,1,0,"S","0","3","2",25.3937366255362,76.8820770074735
"207","M",1.71,44,0,0,0,7,0,0,"N","1","1","1",22.4018027275234,65.5051113555511
"208","V",1.79,39,0,5,0,0,0,0,"N","3","4","2",26.7881564162787,85.8319319733986
"209","V",1.78,18,0,0,2,19,9,0,"N","3","4","3",18.7313956184923,59.3485538776311
"210","M",1.73,45,20,1,5,0,0,0,"N","2","3","3",25.5720180350259,76.5344927770291
"211","V",1.7,26,0,0,6,6,5,0,"N","0","1","1",20.8971566612264,60.3927827509444
"212","M",1.64,30,0,0,0,5,10,0,"N","2","3","4",25.6282455175332,68.9297291439574
"213","V",1.78,24,0,0,6,0,0,0,"N","2","3","2",24.5863313784226,77.899332339394
"214","V",1.69,38,0,0,0,11,8,0,"N","2","3","3",22.2243775891368,63.4750448323336
"215","M",1.72,49,50,0,0,10,4,0,"N","1","2","4",24.8364947961704,73.4762862049905
"216","V",1.74,18,0,0,0,11,1,0,"N","1","0","0",20.8268031305203,63.0552291579632
"217","M",1.62,34,0,13,0,5,1,0,"N","0","1","0",23.1623781140498,60.7873451225123
"218","M",1.67,41,0,1,5,0,5,0,"N","2","3","1",24.1550518603486,67.3660241333261
"219","V",1.72,35,0,0,0,15,0,0,"N","1","3","2",20.2009311712689,59.7624347770818
"220","V",1.8,36,0,10,1,8,1,0,"N","1","2","1",22.2938057651095,72.2319306789547
"221","M",1.63,53,0,0,0,6,0,0,"S","0","2","1",22.9705662630607,61.030497504326
"222","M",1.67,60,20,0,3,2,1,0,"N","0","0","0",22.8532893872658,63.7355387721456
"223","V",1.76,44,70,0,7,0,7,0,"N","4","2","2",26.4779082792686,82.0179686858624
"224","V",1.81,48,20,15,2,0,0,7,"N","2","2","2",20.0400456266711,65.6531934775372
"225","V",1.86,41,0,9,0,9,0,3,"N","2","2","0",19.0068467479364,65.7560870091606
"226","M",1.63,59,0,3,3,0,2,0,"N","0","1","2",23.8331139561303,63.3222004700427
"227","M",1.63,38,50,0,1,17,15,0,"N","3","2","2",20.8923965214892,55.5090083179446
"228","V",1.77,52,0,0,0,11,3,0,"S","1","3","3",21.6980838516515,67.9779268988389
"229","V",1.71,39,0,1,0,5,0,0,"N","1","2","1",23.936373796417,69.9923506181028
"230","V",1.71,37,0,10,1,15,15,0,"N","3","4","4",20.6780447631524,60.464670691934
"231","M",1.63,54,0,0,0,0,0,7,"N","1","2","2",19.7279439882301,52.4151743823287
"232","M",1.73,21,10,2,1,3,4,4,"N","2","3","2",22.5754497263825,67.5660634860901
"233","V",1.7,44,0,2,0,0,0,0,"N","2","3","1",26.2262939966663,75.7939896503657
"234","V",1.81,51,0,0,1,0,0,0,"S","2","4","4",26.7444579637314,87.6175187349803
"235","V",1.77,45,0,0,0,21,15,0,"S","1","0","0",15.4166701066606,48.2988857771568
"236","V",1.75,18,220,0,2,0,0,7,"N","1","1","0",29.5783970238327,90.5838408854875
"237","M",1.62,57,0,0,0,5,1,0,"N","2","1","2",23.0211414158837,60.4166835318452
"238","M",1.6,24,140,0,2,0,4,7,"N","2","2","1",26.4741805930584,67.7739023182295
"239","V",1.83,35,40,3,4,0,2,0,"N","1","1","2",26.2188377703242,87.8042658090386
"240","M",1.62,45,0,10,0,0,4,0,"N","1","1","0",24.9464305853804,65.4694124282723
"241","V",1.77,45,10,1,0,10,0,0,"N","2","3","4",23.3468678537879,73.1434022991322
"242","M",1.73,25,20,0,6,0,1,0,"N","2","2","2",25.2285806244359,75.5066189508743
"243","M",1.69,41,0,0,0,0,3,0,"N","0","1","1",25.5911765280812,73.0909592818526
"244","V",1.78,66,0,1,1,20,6,0,"N","1","2","2",16.1208803443301,51.0773972829754
"245","M",1.71,62,80,3,5,10,3,0,"N","1","1","3",22.6703791888144,66.2904557860123
"246","M",1.7,18,0,4,0,4,3,0,"N","2","4","4",26.6637561774759,77.0582553529052
"247","M",1.68,45,0,0,0,0,4,0,"N","0","1","1",25.4408068887996,71.8041333629481
"248","V",1.78,59,0,4,0,7,18,3,"N","2","3","2",20.2129129606106,64.0425934243985
"249","V",1.76,30,0,6,3,1,11,0,"N","1","2","2",24.9513614731002,77.2893372990751
"250","V",1.74,51,0,0,5,0,0,0,"S","1","1","1",23.0312330640985,69.7293612248645
"251","V",1.68,50,0,2,3,16,4,0,"S","2","4","4",18.876221893305,53.276248671664
"252","V",1.78,51,220,0,3,2,0,0,"N","0","0","1",33.2875466373711,105.468262765846
"253","M",1.7,39,0,8,5,0,0,0,"N","2","3","3",24.8374175681179,71.7801367718608
"254","V",1.7,67,10,0,7,0,0,0,"N","3","4","3",23.536187755978,68.0195826147765
"255","V",1.82,25,0,0,1,4,4,0,"N","2","2","1",24.4653774566174,81.0391162872996
"256","V",1.68,19,0,27,1,0,4,0,"N","0","2","3",27.0561679871521,76.3633285269381
"257","V",1.63,59,150,3,3,10,9,0,"N","2","2","1",26.8777069449142,71.4113795819426
"258","M",1.7,50,0,0,2,1,6,0,"N","2","4","4",25.905732704525,74.8675675160773
"259","M",1.65,56,100,0,2,6,2,5,"N","2","0","2",21.9098982440149,59.6496979693306
"260","V",1.77,66,140,0,4,4,7,0,"N","1","2","2",28.5637739396097,89.4874473754033
"261","M",1.58,66,0,0,5,0,8,0,"N","1","2","3",23.5421092329712,58.7705214891892
"262","V",1.82,36,0,5,7,6,4,0,"N","2","4","4",22.0504380968766,73.0398711520942
"263","M",1.67,18,100,0,0,6,3,0,"N","2","4","4",30.5855032148852,85.2999099159935
"264","V",1.75,18,110,0,0,4,0,0,"N","0","3","4",31.7997203233151,97.3866434901526
"265","M",1.69,18,0,16,2,1,0,0,"N","2","2","2",25.8392742641005,73.7995512256974
"266","V",1.78,53,120,0,7,0,9,0,"N","0","0","0",27.0490229842785,85.702124423388
"267","M",1.57,63,90,1,0,19,7,0,"N","2","2","2",21.4306724090541,52.8244644210775
"268","M",1.59,58,0,7,4,0,0,7,"N","2","3","1",17.8816597020387,45.206623892724
"269","V",1.73,27,80,6,5,0,0,1,"N","2","2","3",27.9815293386414,83.7459191576198
"270","V",1.72,60,0,0,3,0,0,0,"N","2","2","2",24.2631029743598,71.7799638393459
"271","M",1.74,41,0,6,0,5,0,0,"N","1","1","2",23.6226199730098,71.5198442302843
"272","V",1.74,28,0,0,1,0,0,0,"N","0","3","2",26.61998110492,80.5946547932557
"273","M",1.65,37,0,7,2,0,0,0,"N","2","2","4",26.4087466118372,71.8978126507268
"274","M",1.62,44,0,1,1,5,11,0,"N","1","2","1",23.3116078741593,61.1789837049437
"275","V",1.73,18,50,3,0,0,0,0,"N","0","1","1",28.8561892685255,86.36368886177
"276","V",1.78,60,0,1,0,0,0,0,"N","1","3","4",26.6980422022766,84.5900769136932
"277","M",1.59,34,0,8,2,12,11,0,"N","3","3","3",21.0616256862358,53.2458958973727
"278","M",1.76,18,0,11,5,0,7,0,"N","1","1","0",23.7774062847517,73.6528937076469
"279","V",1.79,31,0,7,2,1,6,3,"N","1","0","0",21.2577212733164,68.1118647318332
"280","V",1.74,51,0,0,0,7,8,0,"S","2","3","2",23.1155629811104,69.9846784816098
"281","M",1.67,53,0,0,7,0,0,0,"N","2","3","2",23.0593476204758,64.3102145787449
"282","M",1.64,26,0,3,1,3,3,0,"N","2","2","2",25.0963112669513,67.4990387835923
"283","V",1.7,31,0,8,2,0,2,0,"N","2","4","4",27.0595022869832,78.2019616093813
"284","M",1.61,25,0,9,7,0,1,0,"N","2","2","1",23.6026094011665,61.1803238287638
"285","M",1.61,39,0,0,1,4,0,0,"N","2","2","1",23.9390837191321,62.0524989083624
"286","V",1.83,45,0,18,0,0,3,0,"N","2","2","2",26.1374007411328,87.5315413419796
"287","M",1.68,37,0,4,1,1,3,0,"N","1","3","3",26.2203040845109,74.0041862481235
"288","V",1.81,45,0,2,0,9,3,0,"N","0","2","1",21.9527641540109,71.9194506449551
"289","M",1.61,41,0,3,0,3,0,0,"N","1","3","0",24.5261535350954,63.5742425783208
"290","M",1.69,48,0,0,5,0,7,0,"N","1","1","1",23.1440102935596,66.1016077994355
"291","M",1.68,73,0,0,2,0,0,0,"N","0","0","2",23.4436533263709,66.1673671483492
"292","V",1.72,45,0,14,1,8,12,0,"N","0","0","0",20.6935455798271,61.2197852433605
"293","M",1.69,52,0,2,0,0,4,0,"N","3","4","4",27.1436694270668,77.5250342506454
"294","M",1.63,41,0,5,1,12,2,0,"N","1","3","4",21.7013285652566,57.6582598650303
"295","M",1.69,35,10,0,6,8,12,0,"N","2","4","4",22.125884251026,63.1937380093555
"296","M",1.72,21,0,0,6,10,3,0,"N","2","1","1",19.3270635268445,57.1771847378169
"297","M",1.59,52,0,0,2,11,6,1,"N","0","0","1",18.3021261730895,46.2696051781875
"298","M",1.63,18,0,23,3,8,0,0,"N","3","3","2",22.6061870898446,60.0623784790081
"299","V",1.77,54,0,8,0,22,8,10,"N","2","3","3",8.11521147097424,25.4241460174152
"300","M",1.57,18,0,0,0,10,3,0,"N","2","2","1",22.5282454232902,55.529872143868
"301","V",1.75,37,0,0,4,2,4,0,"N","2","4","4",25.0813124900074,76.8115195006477
"302","V",1.68,55,0,27,4,4,2,0,"N","2","4","4",23.5256215214987,66.3987141822779
"303","V",1.67,59,0,14,0,0,2,0,"N","1","1","2",25.1435255755977,70.1227784777844
"304","M",1.61,18,0,4,0,8,0,0,"N","0","0","0",22.1453445181331,57.4029475254528
"305","M",1.65,45,0,15,0,0,0,0,"N","3","4","4",27.4068162958094,74.6150573653411
"306","V",1.74,21,0,0,6,21,11,0,"N","1","1","3",15.0995926603927,45.715526738605
"307","V",1.71,18,60,5,0,5,8,0,"N","1","4","4",29.1047071590957,85.1050742039117
"308","V",1.7,44,50,3,0,0,0,0,"N","1","2","3",28.9535489293741,83.6757564058911
"309","V",1.72,54,0,7,4,0,4,0,"N","2","2","0",23.3284648324236,69.0149303602421
"310","V",1.68,67,0,5,0,7,12,0,"N","1","3","3",22.8922528878296,64.6110945506102
"311","V",1.71,30,0,12,0,6,0,3,"N","1","3","4",22.5868209797255,66.0461232268152
"312","M",1.62,41,0,18,4,0,2,0,"N","0","1","0",23.3495847320388,61.2786501707626
"313","M",1.61,42,0,0,5,19,1,0,"N","1","2","0",14.9920077555644,38.8607833031984
"314","V",1.69,41,0,0,2,10,13,0,"N","0","1","2",20.5514432473434,58.6969770587376
"315","V",1.71,38,0,0,0,2,0,0,"N","0","2","2",25.5215200181335,74.6274766850243
"316","V",1.71,26,0,0,0,15,8,0,"N","0","2","4",21.1031639281087,61.7077616421827
"317","M",1.65,53,120,0,4,9,6,0,"N","2","4","4",27.1641669167663,73.9544444308961
"318","V",1.78,31,0,9,5,12,5,0,"S","0","0","2",18.4379573689081,58.4188241276483
"319","M",1.74,35,190,3,6,2,0,0,"N","1","1","1",31.4383519517143,95.1827543690102
"320","V",1.8,22,0,0,0,0,0,0,"N","2","2","3",27.3801946308468,88.7118306039435
"321","V",1.77,45,0,17,2,15,11,0,"N","1","1","1",17.9744922044238,56.3122866272395
"322","M",1.65,32,130,0,2,0,3,0,"N","1","4","3",32.7968710204517,89.2894813531798
"323","V",1.71,71,60,0,0,11,0,0,"N","1","0","0",21.714870187531,63.4964519153593
"324","V",1.74,42,0,12,6,1,0,0,"S","2","4","4",24.4592564904649,74.0528449505316
"325","M",1.55,45,0,9,3,0,0,0,"N","1","1","2",24.3594076936156,58.5234769839116
"326","M",1.66,37,0,0,0,0,0,0,"N","0","1","3",26.3487270554913,72.6065522741118
"327","V",1.77,37,110,5,8,0,0,2,"N","1","3","4",27.6144815736743,86.5134093221641
"328","V",1.82,55,140,0,0,4,2,0,"N","0","1","2",30.2569245122072,100.223036754235
"329","V",1.71,21,0,17,1,14,5,0,"N","3","4","4",21.7190371161494,63.5086364313326
"330","V",1.81,42,0,4,1,11,9,0,"N","1","3","3",21.6372040766995,70.8856442756752
"331","M",1.7,56,0,4,1,17,0,0,"N","4","3","2",18.0956591001432,52.2964547994139
"332","V",1.8,22,0,0,5,0,7,0,"N","2","1","1",24.1214129488894,78.1533779544018
"333","V",1.78,62,0,0,4,0,6,0,"S","1","1","1",23.0545204292301,73.0459425279726
"334","M",1.57,52,0,0,4,0,0,0,"N","1","2","4",24.97125271822,61.5516408251404
"335","V",1.7,28,0,0,0,0,0,1,"N","1","3","2",26.1894813974301,75.6876012385731
"336","M",1.63,23,100,0,0,1,3,0,"S","1","2","3",31.7038630543067,84.2339937489875
"337","M",1.65,42,140,1,2,0,4,0,"N","3","4","3",32.9010243851631,89.5730388886065
"338","V",1.68,37,0,2,0,25,13,0,"N","1","3","2",15.7306083929186,44.3980691281735
"339","V",1.8,44,0,0,2,0,0,0,"N","2","4","4",26.5708009593182,86.0893951081911
"340","V",1.79,53,70,22,1,4,10,0,"S","0","0","1",26.005780028573,83.3251197895508
"341","V",1.72,49,0,4,5,0,0,0,"N","1","2","3",24.1811801999176,71.5376035034363
"342","M",1.76,53,20,0,0,7,8,0,"N","2","3","3",24.3787015511452,75.5154659248272
"343","M",1.73,28,0,0,1,7,13,0,"N","2","3","3",23.9215529976686,71.5948159667223
"344","V",1.72,37,70,0,7,0,0,0,"N","0","3","3",27.399536881853,81.058789911274
"345","V",1.84,43,0,0,0,21,19,0,"N","1","2","4",17.8270101859366,60.3551256855069
"346","V",1.92,35,40,18,0,0,5,0,"N","2","2","3",28.8118031548424,106.211831150011
"347","V",1.84,53,40,13,0,0,2,0,"N","2","2","2",27.7569713142303,93.974002081458
"348","M",1.65,35,120,0,2,1,0,0,"N","0","0","0",29.4701919309533,80.2325975320203
"349","M",1.61,18,20,0,0,0,0,0,"S","1","1","1",27.4159568797801,71.0649018280781
"350","V",1.73,34,0,4,3,0,1,0,"N","2","3","2",25.5208188996861,76.3812588848706
"351","V",1.66,40,0,11,2,9,3,0,"N","1","3","3",22.1546126149264,61.0492505216911
"352","V",1.72,21,0,9,0,0,0,0,"N","2","2","2",27.0396185768219,79.9940075976698
"353","V",1.82,44,0,4,0,3,3,0,"N","0","1","0",23.6654816075879,78.3895412769742
"354","M",1.67,18,0,0,2,2,1,8,"N","2","3","1",18.5126326687779,51.6298812499547
"355","M",1.61,47,0,0,0,10,6,0,"N","1","2","3",22.0452464266278,57.1434832624619
"356","M",1.63,48,50,0,1,12,16,9,"N","1","1","0",13.7173390210773,36.4455980451002
"357","M",1.68,41,0,13,0,2,5,0,"N","0","1","1",24.7121489363393,69.7475691579239
"358","M",1.58,45,0,13,1,1,0,0,"N","2","3","4",26.3856106805556,65.8690385029389
"359","M",1.61,58,20,8,7,9,0,0,"N","2","3","2",19.8759163343656,51.5203627303091
"360","M",1.62,38,0,0,5,0,0,0,"N","1","0","0",22.7255873229142,59.6410313702561
"361","V",1.8,51,80,7,0,0,4,0,"N","2","3","4",30.8769935939811,100.041459244499
"362","M",1.68,64,0,3,0,7,1,0,"S","1","2","0",21.6231596557463,61.0292058123785
"363","M",1.69,43,0,9,0,0,0,0,"N","1","3","4",27.337113169223,78.0775289226179
"364","V",1.61,28,0,13,0,6,1,0,"N","3","3","3",24.7978706666953,64.2785605551409
"365","M",1.68,43,0,5,2,0,0,2,"N","2","3","4",24.7288982616203,69.794842453597
"366","V",1.74,65,0,13,4,8,7,0,"N","1","2","1",19.8932142608511,60.2286954961529
"367","V",1.75,55,50,0,0,0,0,0,"N","2","4","4",29.4312795121813,90.1332935060552
"368","V",1.77,18,30,3,2,0,4,5,"S","1","2","2",23.3825025454888,73.2550422247619
"369","V",1.7,43,0,6,0,4,1,2,"N","2","2","2",22.7199232159985,65.6605780942358
"370","M",1.72,19,0,0,0,0,2,0,"N","1","2","1",26.8857909721793,79.5389240120952
"371","V",1.76,22,0,17,1,1,2,2,"N","0","1","2",23.9235199086338,74.1054952689839
"372","V",1.78,39,30,0,0,16,3,3,"N","1","1","3",18.0796431487239,57.2835413524169
"373","M",1.66,59,0,24,2,3,3,0,"N","0","1","2",22.9513764416733,63.2448129226749
"374","V",1.76,18,0,19,5,11,0,0,"N","0","1","1",19.4371308335905,60.20845647013
"375","V",1.77,31,0,5,2,1,1,0,"N","2","4","4",26.6199884911122,83.3977619438054
"376","M",1.68,28,0,0,3,7,4,1,"N","2","2","3",21.9003284007149,61.8114868781777
"377","M",1.66,32,190,6,3,0,0,7,"N","0","3","4",29.4905647886481,81.2642003315987
"378","V",1.71,44,0,0,2,20,25,1,"N","0","2","1",15.4147934822937,45.0743976215749
"379","V",1.82,27,30,11,0,2,4,0,"N","1","2","2",27.3752689149031,90.677840753725
"380","V",1.77,70,0,0,0,12,9,0,"N","1","0","2",19.1558727516922,60.0134337437766
"381","V",1.71,42,0,0,3,10,9,0,"N","1","1","2",20.0770469643673,58.7072930285064
"382","M",1.72,18,0,0,1,1,3,0,"N","2","4","4",27.5454936919329,81.4905885382143
"383","V",1.79,29,0,0,2,42,19,0,"N","3","3","4",8.53021973381693,27.3316770491228
"384","V",1.77,31,0,0,2,13,8,0,"N","1","2","1",19.8473949617008,62.1799036755126
"385","M",1.63,54,0,17,1,0,4,0,"N","3","3","4",26.4867927880431,70.3727597585517
"386","M",1.54,38,0,20,5,2,4,0,"N","1","4","2",23.7627018685783,56.3556237515202
"387","M",1.61,45,0,24,0,3,1,3,"N","1","2","2",22.2169486115831,57.5885524960846
"388","M",1.68,62,120,1,0,17,13,0,"N","2","4","4",25.0569403540384,70.720708455238
"389","V",1.77,18,0,0,1,6,0,0,"N","1","3","3",24.7369908917433,77.4985187647427
"390","V",1.77,26,0,0,1,1,0,0,"S","1","3","2",26.2556521286898,82.2563325539722
"391","V",1.63,54,0,0,0,30,17,0,"S","2","3","2",12.8939684466174,34.2579847658179
"392","V",1.77,30,0,0,3,7,2,1,"N","1","2","3",21.8251435810741,68.3759923251472
"393","M",1.62,35,0,0,6,0,0,0,"N","2","4","4",25.1619171550785,66.034935381788
"394","V",1.67,30,140,15,6,0,7,5,"N","1","2","2",26.4650302270876,73.8083228003245
"395","M",1.64,43,0,0,0,5,0,0,"N","0","1","0",22.8240464256664,61.3875552664723
"396","M",1.7,48,0,9,4,0,5,0,"N","3","4","4",25.5468235737251,73.8303201280657
"397","V",1.71,34,0,5,3,18,7,0,"N","1","3","3",17.9877390378543,52.5979477205898
"398","V",1.76,34,0,16,2,3,5,0,"N","1","3","4",25.483295723682,78.9370568336775
"399","V",1.69,61,170,13,2,33,22,0,"N","1","1","2",17.8520946154612,50.9873674312188
"400","V",1.75,41,20,0,0,0,0,5,"N","3","4","2",23.3366086192402,71.4683638964231
"401","V",1.77,50,0,0,0,15,5,0,"N","1","3","2",19.6370450239632,61.5208983555743
"402","V",1.7,49,0,0,2,10,4,0,"N","1","1","1",20.0216915444971,57.8626885635965
"403","M",1.65,18,0,9,4,15,9,0,"N","3","4","4",20.0818889302723,54.6729426126663
"404","V",1.77,18,0,13,0,2,0,0,"S","2","4","4",27.5427837692177,86.2887872705823
"405","M",1.66,56,50,7,5,0,1,0,"S","3","4","4",27.209667736582,74.9789604149253
"406","V",1.8,57,60,0,4,10,9,0,"N","1","1","1",21.7278092971133,70.3981021226469
"407","V",1.75,47,0,3,1,24,4,0,"N","0","3","3",15.7355626812753,48.1901607114055
"408","V",1.75,41,30,1,2,0,0,0,"N","3","3","2",27.1347082928446,83.1000441468367
"409","M",1.69,21,20,18,0,16,2,0,"N","2","2","2",20.9675527687169,59.8854274627325
"410","M",1.7,57,0,4,4,6,0,0,"N","1","2","2",21.3019935554394,61.5627613752199
"411","M",1.62,33,0,23,0,4,2,0,"N","1","1","0",23.6394843197411,62.0394626487287
"412","M",1.68,37,0,0,1,0,0,0,"N","2","2","2",26.00133614654,73.3861711399946
"413","M",1.59,43,120,0,0,1,0,0,"N","1","1","2",31.0664198918343,78.5390161285464
"414","M",1.59,34,0,8,1,8,2,0,"N","3","4","4",23.8674185637102,60.3392208709158
"415","V",1.81,55,0,12,3,0,1,0,"N","0","0","0",22.9601241022793,75.2196625714773
"416","V",1.84,33,0,1,2,6,3,2,"N","2","2","2",21.3432119761489,72.2595784664496
"417","M",1.67,34,0,0,2,2,6,0,"N","3","3","4",25.922809519553,72.2961234690813
"418","M",1.58,18,0,0,2,0,4,0,"N","1","2","3",26.6569565238167,66.546426266056
"419","M",1.61,33,0,15,1,9,8,0,"N","1","2","0",21.4726928952804,55.6593672538564
"420","M",1.65,32,0,0,4,18,8,0,"N","3","3","3",17.6261199843393,47.9871116573637
"421","V",1.76,47,0,3,0,12,8,0,"N","2","4","4",22.0574659257173,68.3252064515018
"422","V",1.73,32,40,11,0,13,6,0,"N","1","3","4",23.9572601825854,71.7016840004598
"423","M",1.66,18,10,0,0,10,3,0,"N","0","2","2",23.2373353104886,64.0328011815825
"424","V",1.68,39,30,3,0,9,0,0,"N","0","0","0",22.3566225047796,63.0993313574899
"425","M",1.57,59,30,0,1,0,0,0,"N","0","1","2",26.1469540911873,64.4496271393675
"426","M",1.65,41,0,0,5,6,7,0,"N","1","3","4",22.5911958478592,61.5045306957966
"427","M",1.69,45,0,17,0,15,11,2,"N","0","1","0",16.619116486025,47.4658585957359
"428","M",1.59,33,0,7,2,0,2,5,"N","0","3","3",22.0368657432795,55.711400285585
"429","V",1.76,40,0,0,0,8,5,0,"N","0","1","1",22.1126585709339,68.496171189325
"430","M",1.76,50,0,1,3,0,4,0,"N","3","3","3",25.2975088064053,78.3615632787211
"431","V",1.74,45,0,21,3,0,0,1,"N","2","2","3",24.3378540048651,73.6852867851295
"432","M",1.62,32,0,0,0,1,5,0,"N","2","4","4",27.4560038276034,72.0555364451624
"433","M",1.67,46,0,0,3,0,2,0,"S","0","0","1",23.792832094082,66.3558294271853
"434","M",1.72,22,50,2,0,10,1,0,"S","2","0","1",24.0107109051046,71.0332871416614
"435","V",1.72,30,0,15,2,11,6,0,"N","2","3","2",21.273340657543,62.9350510012752
"436","M",1.72,35,0,4,3,0,3,0,"N","2","3","1",25.2542140655824,74.712066891619
"437","V",1.75,27,0,6,0,9,0,0,"N","0","1","0",21.6674697993087,66.3566262603828
"438","V",1.75,30,30,8,3,18,9,0,"N","0","2","4",19.7640736704924,60.527475615883
"439","V",1.74,29,0,3,4,0,0,0,"N","2","3","3",25.6501455394775,77.6583806353221
"440","M",1.7,28,100,14,0,11,7,0,"N","0","0","0",25.2516536614678,72.9772790816419
"441","V",1.77,63,80,0,0,11,0,4,"N","2","2","3",21.3756594543694,66.9678035045939
"442","V",1.74,67,0,0,10,0,3,0,"S","1","1","2",20.4747475654768,61.9893457292376
"443","V",1.66,38,50,28,0,0,4,4,"N","1","3","4",26.4562482103182,72.9028375683527
"444","M",1.59,44,0,3,0,0,0,0,"N","1","3","4",27.2995207594027,69.0159184318459
"445","V",1.68,68,0,0,4,16,5,0,"N","3","4","4",17.7627546433824,50.1335987054824
"446","M",1.6,32,0,0,2,2,0,0,"N","1","1","0",23.6824965749918,60.6271912319791
"447","V",1.73,41,0,0,0,4,0,0,"N","1","3","2",24.810028466927,74.2539341986659
"448","V",1.81,45,0,10,0,0,0,1,"N","2","3","2",25.5504104304837,83.7056996113077
"449","V",1.78,60,70,8,2,0,2,0,"N","0","2","2",28.0604490879214,88.9067268901703
"450","M",1.66,46,0,0,0,0,10,0,"N","1","3","2",26.3801216013089,72.6930630845669
"451","M",1.7,49,40,0,3,0,0,0,"N","2","4","4",27.8663448887211,80.5337367284039
"452","M",1.66,47,0,2,1,0,1,2,"N","1","2","1",23.6617924627617,65.2024353103861
"453","V",1.75,30,30,27,5,0,0,0,"N","1","2","4",26.8017142498579,82.0802498901899
"454","M",1.56,54,0,1,1,6,2,0,"N","1","2","2",22.7251824043679,55.3040038992697
"455","M",1.71,18,0,0,0,6,0,3,"N","0","1","0",20.7224321333681,60.5944638011817
"456","M",1.63,59,0,13,5,18,15,0,"N","2","2","0",14.7924505844889,39.3020619579285
"457","M",1.65,44,0,1,7,5,0,2,"N","2","3","2",19.4655031682132,52.9948323754606
"458","V",1.86,20,0,0,0,29,2,0,"N","1","3","4",15.4558385148342,53.4710189259205
"459","V",1.75,24,0,13,1,0,12,0,"N","1","3","3",27.1485192080467,83.1423400746431
"460","V",1.8,18,0,0,3,0,0,0,"N","3","4","4",27.1113997414923,87.840935162435
"461","M",1.66,40,0,9,0,19,12,1,"N","0","0","0",15.6163561668587,43.0324310533959
"462","V",1.78,63,0,0,1,0,1,0,"N","2","4","2",25.4491347074338,80.6330384070334
"463","M",1.68,52,0,0,0,5,7,0,"N","1","3","2",23.9569981630319,67.6162316153413
"464","M",1.65,69,260,9,0,3,0,3,"N","2","3","4",34.9212724201369,95.0731641638227
"465","M",1.65,55,40,0,1,7,10,2,"N","1","1","1",21.7371850367127,59.1794862624504
"466","V",1.77,67,0,0,6,10,0,0,"N","1","2","2",18.2944065274403,57.3145462098176
"467","V",1.74,67,10,0,4,0,0,0,"N","0","0","0",22.5522887741941,68.2793094927502
"468","V",1.73,28,120,2,5,0,0,0,"N","1","0","0",28.8624409760995,86.3823995973683
"469","V",1.81,47,0,0,7,0,0,0,"N","1","1","0",21.8136186536491,71.46359607122
"470","V",1.78,59,0,0,0,8,5,0,"N","1","2","3",22.4731651005252,71.2039763045039
"471","V",1.8,43,0,0,0,0,6,0,"N","1","2","2",26.2125855607735,84.9287772169063
"472","M",1.51,69,0,0,0,12,11,0,"N","0","1","2",19.4934359269425,44.4469832570216
"473","V",1.76,20,0,0,3,0,3,0,"N","2","2","2",25.7667993671749,79.815237719761
"474","M",1.61,18,0,0,4,0,0,0,"N","1","2","1",25.1761678893765,65.2591447860529
"475","M",1.63,40,0,1,3,0,0,0,"N","3","3","3",25.6734329046091,68.211743884256
"476","V",1.82,27,10,0,4,0,7,0,"N","1","0","0",24.0559851670093,79.6830452672016
"477","M",1.62,34,60,7,0,9,1,0,"N","3","3","4",26.6002854722587,69.8097891933957
"478","V",1.78,29,50,14,3,0,0,0,"N","0","0","1",26.8322903756041,85.015428826064
"479","V",1.68,18,0,5,0,21,17,0,"N","1","3","1",17.9739069387063,50.7295549438046
"480","V",1.75,31,0,0,2,0,0,0,"N","0","1","1",25.0934928799734,76.8488219449185
"481","M",1.72,45,0,10,0,0,7,0,"N","0","1","1",25.4408068887996,75.2640830998249
"482","V",1.75,43,0,7,4,0,0,0,"N","0","1","1",23.7687762158173,72.7918771609404
"483","V",1.73,24,0,9,0,0,0,0,"N","1","1","1",26.2302474950276,78.5045077278681
"484","V",1.75,46,40,2,1,0,0,0,"N","3","3","4",28.7078419182666,87.9177658746916
"485","V",1.66,46,100,0,0,0,0,0,"N","1","2","4",31.7447972989167,87.4759634368948
"486","V",1.8,35,0,0,0,7,14,0,"N","4","4","4",24.7061438229166,80.0479059862497
"487","V",1.87,40,0,6,2,0,0,0,"N","2","4","3",26.255124723992,91.8115456473277
"488","M",1.67,59,30,14,1,8,6,0,"N","1","1","0",21.9074549965171,61.0977012397865
"489","V",1.77,32,0,0,2,27,11,0,"N","0","2","2",13.8856218339705,43.5022646436462
"490","M",1.58,66,60,0,1,0,0,0,"N","1","2","2",27.7916210392398,69.3790027623583
"491","M",1.66,29,130,0,0,0,0,0,"N","1","0","0",31.4889453949732,86.7709379303882
"492","V",1.74,32,0,10,0,0,0,0,"N","2","3","1",26.6774029145109,80.7685050639732
"493","M",1.6,43,0,9,1,9,7,0,"N","2","4","4",23.0895730794558,59.109307083407
"494","M",1.57,70,60,5,2,6,10,0,"N","2","3","3",25.2258464854186,62.1791890019084
"495","M",1.69,18,0,0,6,0,1,0,"N","1","3","4",25.6561001757978,73.2763877120961
"496","M",1.62,51,20,7,3,5,4,0,"N","1","3","4",24.4885482176682,64.2677459424484
"497","M",1.63,48,0,0,2,7,6,0,"N","2","3","4",23.1989468027129,61.637281760128
"498","V",1.71,18,0,1,5,3,2,0,"N","0","1","1",22.9532412005581,67.1175725945519
"499","V",1.73,42,0,0,1,26,8,0,"N","0","2","2",14.3860154047935,43.0559055050064
"500","M",1.66,35,90,0,6,0,0,0,"N","1","2","1",27.9841863423547,77.1132238849926
"501","V",1.74,38,50,11,1,5,4,3,"N","1","0","0",22.0737104088214,66.8303656337477
"502","V",1.76,37,0,0,2,10,4,2,"N","2","4","2",19.8599883696072,61.5182999736953
"503","M",1.57,18,0,0,0,1,1,0,"N","3","3","3",27.3713637442539,67.4676744932113
"504","M",1.71,47,0,2,0,10,7,4,"N","2","4","3",19.001233320269,55.5615063517987
"505","M",1.63,24,0,0,2,5,1,0,"N","2","2","2",23.8556646216944,63.3821153333799
"506","V",1.73,23,0,8,4,0,4,0,"N","2","3","2",25.4975315345545,76.3115621297682
"507","M",1.57,76,0,0,1,18,0,0,"N","1","3","3",17.28246557171,42.5995493877079
"508","M",1.63,60,0,0,2,0,8,0,"N","2","3","3",25.3583885813573,67.3747026218083
"509","V",1.78,36,0,11,0,0,0,0,"N","3","4","1",26.6719212214565,84.5073151980628
"510","M",1.63,40,90,8,6,0,0,1,"N","0","2","2",27.1579331368905,72.1559125514045
"511","V",1.8,18,0,2,1,6,0,0,"N","1","1","2",23.6109277298517,76.4994058447196
"512","V",1.72,47,0,11,1,0,6,0,"N","1","1","1",24.9288181960031,73.7494157510556
"513","V",1.74,72,0,0,4,0,0,3,"N","1","3","4",21.8978070498721,66.2978006241928
"514","M",1.73,47,0,14,1,9,2,0,"N","1","1","1",20.9731940331646,62.7706724218582
"515","V",1.79,24,0,0,0,9,7,0,"N","3","4","4",24.2406327391988,77.669411359667
"516","M",1.74,40,0,1,0,0,0,0,"N","2","4","4",27.5947783449113,83.5459509170535
"517","M",1.74,40,90,0,4,0,1,0,"N","2","3","2",29.1791577338442,88.3428179549868
"518","M",1.69,45,0,8,0,35,16,0,"N","1","2","3",11.1325863494948,31.7957798727922
"519","M",1.69,53,0,0,0,1,3,0,"N","1","3","4",26.5216752751483,75.7485567533511
"520","M",1.69,20,30,11,0,0,0,1,"N","1","1","2",27.1825583666922,77.6361049511097
"521","M",1.61,52,0,18,2,15,1,0,"N","1","2","2",18.4079391880143,47.715219169252
"522","M",1.61,43,0,0,2,4,0,0,"N","0","1","0",22.3899524752258,58.0369958110328
"523","M",1.57,45,0,0,1,26,14,0,"N","4","4","4",15.542653730009,38.3110871790991
"524","V",1.79,44,0,16,1,11,5,0,"N","2","1","0",19.7125673674645,63.1610371020932
"525","V",1.8,56,0,0,4,0,0,0,"N","1","3","2",24.256982010482,78.5926217139617
"526","M",1.72,57,120,0,1,0,0,3,"N","1","1","1",27.7119129108441,81.982923155441
"527","V",1.71,38,0,10,4,0,2,0,"N","3","4","4",25.9227476719289,75.8007064674874
"528","M",1.6,20,0,16,3,0,9,0,"N","1","0","0",24.2758584459926,62.1461976217411
"529","M",1.58,18,0,0,5,6,5,0,"N","2","4","4",23.600709219955,58.9168104966958
"530","M",1.71,59,0,5,0,15,4,0,"N","0","1","2",18.5508186375335,54.2444487780116
"531","M",1.69,34,0,0,0,0,0,0,"N","3","4","4",27.8203328038336,79.4576525210291
"532","V",1.77,55,0,0,0,12,5,0,"N","2","3","1",20.5386119381908,64.3454173411579
"533","V",1.79,56,0,0,0,33,7,0,"S","0","1","2",10.7523475413175,34.4515967571354
"534","M",1.65,34,0,3,7,6,3,0,"N","3","4","4",22.1256229165174,60.2370083902186
"535","V",1.73,54,0,0,2,0,0,0,"N","1","2","3",25.3036297702831,75.7312335394802
"536","V",1.77,42,0,0,0,0,0,0,"N","0","1","1",25.5535841182608,80.0568236840992
"537","V",1.81,18,0,1,5,2,0,0,"N","2","4","4",25.3587644034388,83.0778480621059
"538","V",1.8,39,20,0,0,0,1,0,"N","2","0","1",26.3265455081223,85.2980074463161
"539","V",1.76,42,0,0,0,2,0,8,"N","0","0","0",16.9417808125049,52.4788602448151
"540","V",1.78,40,0,7,1,0,0,0,"N","1","2","2",25.8885589170789,82.0253100728728
"541","M",1.59,18,0,0,2,17,15,0,"N","2","3","1",18.8583543758785,47.6758056976584
"542","M",1.68,41,0,0,2,5,0,0,"N","1","4","4",24.4860092094246,69.10931239268
"543","M",1.61,20,80,0,0,0,0,0,"S","2","3","2",31.1981439599598,80.8687089586118
"544","V",1.77,72,0,0,1,11,2,1,"N","2","2","3",19.361814931446,60.6586299987272
"545","M",1.7,43,70,0,1,7,6,0,"S","2","3","4",27.1842549653765,78.5624968499381
"546","V",1.81,43,0,11,0,0,1,0,"N","1","2","0",25.4891968330709,83.5051577448237
"547","M",1.72,43,0,11,0,17,0,0,"N","2","4","4",20.010266585644,59.1983726669693
"548","V",1.72,23,0,0,3,6,0,0,"N","0","0","0",21.5259984413058,63.682513788759
"549","M",1.65,18,0,7,0,7,7,0,"N","0","1","0",22.884829079434,62.303947168759
"550","M",1.67,31,0,0,1,1,2,0,"N","0","1","0",24.596406653839,68.5969185168915
"551","M",1.69,61,30,6,0,0,7,0,"N","1","1","2",26.5085731447023,75.7111357585843
"552","V",1.72,55,0,8,4,17,9,0,"N","2","3","4",17.6670542289492,52.2662132309234
"553","V",1.7,38,10,0,4,0,1,5,"N","1","2","3",21.1750601407847,61.1959238068677
"554","V",1.79,49,0,4,5,0,6,0,"N","0","3","3",24.4614934699141,78.3770712269519
"555","V",1.7,61,70,0,2,6,1,1,"N","2","4","4",25.7878858769064,74.5269901842595
"556","V",1.69,68,0,8,7,2,4,8,"N","2","3","3",15.0561737001086,43.0019377048803
"557","V",1.73,47,10,14,3,9,0,0,"N","0","0","0",19.785316680919,59.2154742943223
"558","M",1.65,27,0,17,0,2,0,0,"N","1","1","4",26.3116694365609,71.633520041037
"559","M",1.69,44,0,0,0,1,0,0,"N","1","2","2",25.7354793550822,73.5031025860503
"560","M",1.67,18,0,0,2,4,0,0,"N","2","3","2",24.8010461464842,69.1676375979297
"561","V",1.83,18,0,0,1,1,11,0,"N","0","1","2",25.8084967092065,86.4300746294616
"562","M",1.63,79,130,0,2,1,0,2,"N","0","1","0",26.8615669659105,71.3684972717275
"563","M",1.57,42,100,6,2,9,12,0,"N","4","4","4",27.4911362452717,67.7629017309703
"564","M",1.68,46,0,0,0,8,0,0,"N","0","1","0",21.3927278085924,60.3788349669712
"565","V",1.75,24,30,2,2,24,11,0,"N","1","4","4",18.2145504435684,55.7820607334283
"566","M",1.72,42,10,8,1,0,0,0,"N","3","3","4",27.4179791688028,81.1133495729861
"567","V",1.77,48,0,7,1,13,10,0,"N","2","3","2",20.1544535621901,63.1418875649852
"568","M",1.72,39,0,7,2,12,0,0,"N","1","3","3",20.8736636371339,61.7526465040969
"569","M",1.68,63,0,0,3,4,0,0,"N","1","1","2",21.924689133365,61.8802426100094
"570","V",1.73,48,60,0,5,5,7,1,"N","3","4","4",24.9256119180598,74.5998639095612
"571","M",1.61,72,0,14,0,14,12,5,"S","1","3","4",15.7572222390108,40.8442957657398
"572","V",1.81,20,0,16,0,0,7,2,"S","2","3","2",25.6229170953476,83.9432386960682
"573","V",1.76,51,0,0,1,12,0,0,"N","0","4","4",21.47029241328,66.5063777793761
"574","M",1.72,35,120,0,2,4,1,4,"N","2","2","3",26.5515456057856,78.5500925201561
"575","M",1.63,40,0,2,2,0,8,1,"N","1","2","2",24.5844514632775,65.318429092782
"576","M",1.62,30,0,10,1,5,3,0,"N","2","2","2",24.0669140359279,63.1612091958893
"577","M",1.61,37,50,7,2,7,0,5,"N","3","3","4",21.6763327220847,56.1872220489158
"578","V",1.71,41,0,9,6,0,0,1,"N","2","4","2",23.2248447770577,67.9117686125943
"579","M",1.68,51,0,0,0,12,14,0,"N","0","1","0",19.4467105760067,54.8863959297214
"580","M",1.73,45,0,1,1,8,7,0,"N","2","4","4",23.453902055686,70.1951834624628
"581","M",1.59,27,0,5,0,0,0,0,"N","2","2","0",26.090675390197,65.9598364539571
"582","V",1.65,52,0,0,1,10,6,0,"N","3","4","4",22.3117275952015,60.743678377936
"583","V",1.73,46,0,0,5,0,3,0,"N","0","1","1",23.2191951132003,69.4927290542973
"584","V",1.68,18,0,3,0,0,0,0,"N","0","0","0",25.6614548851007,72.4268902677082
"585","M",1.74,18,0,0,0,9,4,0,"N","1","2","1",22.9677592191611,69.5371878119322
"586","V",1.68,54,0,0,0,3,1,0,"N","2","4","4",25.7499432198132,72.6766397436007
"587","V",1.81,23,0,0,0,0,2,0,"N","2","4","3",27.76780343725,90.9701008407748
"588","V",1.75,49,0,12,1,14,7,0,"S","2","4","4",20.6664496411788,63.2910020261102
"589","V",1.78,60,0,6,2,0,0,0,"N","3","3","4",25.824434455965,81.8221381302796
"590","V",1.77,46,20,0,11,0,0,0,"N","2","4","3",23.058490332498,72.2399443626829
"591","V",1.8,23,10,0,2,17,2,0,"N","2","3","3",19.7576506778203,64.0147881961379
"592","M",1.71,41,50,3,3,3,0,0,"N","0","2","1",25.8301922636264,75.53006519807
"593","V",1.77,41,0,0,1,1,0,0,"N","3","4","4",26.6808682660642,83.5884921907525
"594","V",1.74,60,0,0,3,19,13,0,"N","4","4","3",16.7157105328806,50.6084852093494
"595","V",1.68,47,200,0,0,4,0,0,"N","1","2","0",33.1823212686082,93.6537835485198
"596","V",1.75,28,0,0,1,0,4,0,"N","2","4","4",27.6090833896001,84.5528178806502
"597","M",1.6,59,0,13,1,16,8,0,"N","0","0","0",16.6511414753742,42.626922176958
"598","M",1.72,27,0,0,6,0,0,1,"N","0","1","2",22.8583558702695,67.6241600066053
"599","V",1.68,25,0,0,4,0,0,0,"N","1","3","1",25.1933342906304,71.1056667018753
"600","M",1.61,48,150,5,6,0,3,0,"N","1","3","2",30.8852754864604,80.057722588454
"601","M",1.67,41,100,11,3,2,0,0,"N","1","2","1",28.670093374073,79.9580234109522
"602","M",1.54,43,0,2,1,2,0,0,"N","3","4","3",25.7001237759448,60.9504135470306
"603","V",1.75,68,0,0,0,1,1,0,"N","1","2","0",24.1098727916905,73.8364854245523
"604","V",1.75,44,0,9,1,0,0,0,"N","2","3","4",26.8627168862469,82.2670704641311
"605","V",1.79,52,0,0,0,14,1,0,"N","2","4","3",20.5244304102658,65.7623274775325
"606","M",1.64,26,0,17,3,6,0,0,"N","0","2","3",23.2823305968722,62.6201563733475
"607","V",1.75,25,70,17,2,11,8,0,"N","0","1","1",23.8449378247211,73.0251220882084
"608","M",1.72,19,40,3,1,0,0,0,"N","3","4","4",29.867724929644,88.3606774318588
"609","V",1.84,29,0,8,2,8,0,0,"N","1","3","3",23.0076429188215,77.894675865962
"610","V",1.83,30,0,4,1,3,0,0,"N","1","2","2",24.9459416276698,83.5414639169035
"611","M",1.63,32,0,0,1,16,9,0,"N","1","2","2",19.1570774617067,50.8984391080086
"612","V",1.7,45,0,4,7,0,0,0,"N","0","0","1",22.0832090112792,63.820474042597
"613","M",1.62,32,0,2,1,20,14,0,"N","1","0","1",16.4024576604599,43.0466098841109
"614","V",1.8,18,0,0,1,4,8,0,"N","2","4","4",26.2269523043201,84.975325465997
"615","M",1.54,34,0,11,0,3,1,0,"N","0","0","2",24.4648236680644,58.0207758111815
"616","V",1.81,40,10,0,0,7,0,0,"N","1","4","4",24.9982592367298,81.8967970854505
"617","M",1.62,32,0,0,2,0,0,0,"N","1","1","3",25.6630813582816,67.3501907166743
"618","V",1.7,46,110,2,3,10,1,0,"N","0","1","1",24.9785169928688,72.1879141093909
"619","M",1.79,50,110,0,1,7,16,0,"N","1","2","1",27.4878779155615,88.0739096292507
"620","M",1.65,48,0,0,2,0,0,0,"N","1","1","2",24.6834343373103,67.2006499833272
"621","V",1.79,29,0,0,2,6,13,5,"N","1","1","2",18.4240894454438,59.0326249921464
"622","V",1.75,35,0,15,0,0,1,0,"N","2","2","3",26.8914933031818,82.3551982409944
"623","V",1.76,56,0,14,0,24,7,0,"N","3","4","4",16.4449686868825,50.9399350044872
"624","M",1.66,18,0,0,0,0,1,0,"N","2","2","2",27.152395806283,74.8211418837935
"625","M",1.66,53,0,0,2,0,0,0,"N","1","1","1",24.266459863925,66.8686568010318
"626","V",1.76,27,0,0,1,16,12,0,"N","1","3","3",20.0035212446504,61.9629074074291
"627","V",1.73,33,0,0,0,0,0,0,"N","3","4","4",27.857925213654,83.375984371945
"628","M",1.68,26,0,0,7,0,4,0,"N","2","2","1",23.5650169913462,66.5099039563754
"629","M",1.68,60,0,0,5,7,8,0,"N","3","4","3",21.1162683370205,59.5985557544065
"630","M",1.59,46,0,0,2,0,0,2,"N","2","4","4",24.7610089783863,62.5983067982583
"631","V",1.68,46,0,13,0,24,18,0,"N","1","2","2",15.5514772304096,43.8924893351081
"632","M",1.56,27,0,5,1,16,5,0,"N","1","2","1",19.1160270865253,46.5207635177679
"633","M",1.63,57,40,2,0,35,16,1,"S","0","0","0",9.86537431763763,26.2113130245314
"634","V",1.71,35,0,3,0,10,4,0,"N","0","1","1",21.4215930282939,62.6388801740343
"635","V",1.72,53,0,12,3,8,6,0,"N","1","3","4",22.1346670845843,65.4831991030342
"636","M",1.64,47,0,0,0,6,0,0,"N","0","1","1",22.7285392939332,61.1306792849627
"637","M",1.75,37,0,0,0,0,0,0,"N","3","4","4",27.7075555743724,84.8543889465156
"638","M",1.65,63,0,0,0,0,3,6,"N","3","4","4",21.526331435169,58.6054373322475
"639","M",1.67,57,10,1,0,14,4,0,"N","4","4","4",21.2825916986867,59.3550199884674
"640","V",1.77,52,40,0,0,6,4,0,"N","1","2","1",24.9284685245416,78.0983990405364
"641","V",1.74,33,0,10,0,1,11,0,"N","1","1","2",25.6814144350566,77.7530503435773
"642","V",1.85,24,50,9,3,0,0,1,"N","1","2","1",26.9205010375401,92.135414800981
"643","V",1.77,72,0,0,0,0,2,0,"N","1","2","3",25.5005741398278,79.8907487226666
"644","V",1.78,48,0,0,0,2,14,0,"N","0","1","3",25.0561829557252,79.3880100769198
"645","M",1.71,23,90,0,0,0,5,1,"N","2","3","2",30.6981406127682,89.7644329657955
"646","M",1.64,38,150,0,8,0,2,0,"N","1","2","3",30.4854470322014,81.9936583378088
"647","V",1.79,31,10,0,2,4,0,0,"N","2","3","3",25.1705907455796,80.6490898079117
"648","M",1.66,52,0,6,3,20,10,0,"S","2","4","4",17.0429818901804,46.9636408965812
"649","M",1.66,39,0,0,3,0,2,0,"N","0","1","0",23.8615734248353,65.7529517294762
"650","M",1.7,66,0,7,5,0,0,0,"N","3","4","3",23.9673104491948,69.265527198173
"651","V",1.71,33,0,0,2,2,11,0,"N","0","1","1",24.1392804685907,70.5856700182061
"652","V",1.82,61,90,25,2,5,0,0,"N","1","3","3",27.4439243584184,90.905255044825
"653","M",1.69,86,0,22,4,6,0,0,"S","2","2","2",20.2118136706484,57.726961024739
"654","M",1.6,18,110,10,0,25,17,4,"N","1","2","3",18.3543571428386,46.9871542856667
"655","V",1.85,49,0,0,0,4,0,0,"N","0","1","1",23.5323820660343,80.5395776210025
"656","M",1.56,27,0,27,1,0,4,0,"N","3","4","4",27.6466757994204,67.2809502254696
"657","V",1.74,18,160,0,2,0,0,0,"N","1","3","4",35.084555075063,106.221998945261
"658","M",1.65,37,0,0,3,29,16,0,"N","0","2","1",12.1528158956876,33.0860412760095
"659","V",1.75,52,50,16,0,0,0,0,"S","0","0","0",26.7837002657835,82.0250820639619
"660","M",1.66,21,0,0,2,1,0,4,"N","2","2","3",22.6354511759022,62.3742492603161
"661","V",1.79,44,0,3,0,2,0,0,"N","2","2","2",25.2959655592113,81.0508032482688
"662","M",1.62,37,0,15,0,9,11,0,"N","0","0","0",20.991574935675,55.0902892611854
"663","V",1.8,41,0,4,1,0,0,0,"N","3","4","4",27.1203820619351,87.8700378806699
"664","V",1.76,52,0,5,2,7,4,0,"N","0","2","3",22.3022180188272,69.0833505351191
"665","V",1.63,59,0,0,1,0,11,0,"N","3","4","3",25.9776728105606,69.0200788903785
"666","M",1.62,19,0,0,2,0,0,1,"N","1","2","3",25.7520605333507,67.5837076637257
"667","M",1.67,46,0,3,1,0,11,0,"N","0","2","1",25.4339920338733,70.9328603832692
"668","V",1.78,38,0,0,4,1,0,0,"N","3","3","3",24.8723000552231,78.805395494969
"669","V",1.74,38,0,20,2,10,7,0,"N","1","3","2",21.4121151748509,64.8273199033786
"670","V",1.65,26,0,14,2,10,6,0,"N","3","3","3",22.2413925565407,60.5521912351821
"671","V",1.73,42,0,0,1,0,4,0,"N","1","3","3",26.4718558312799,79.2276173174377
"672","M",1.69,68,30,9,1,7,0,2,"N","1","1","3",21.3755871342613,61.0508144141637
"673","M",1.64,53,0,0,2,1,9,0,"N","0","1","1",23.8269460680541,64.0849541446383
"674","M",1.78,48,0,4,0,0,0,0,"N","2","1","2",25.5570420836219,80.9749321377475
"675","M",1.63,20,0,0,2,7,0,0,"N","2","2","1",22.8979942449507,60.8376809094095
"676","V",1.77,35,0,0,0,0,2,0,"N","1","3","4",27.6378524477861,86.586627933669
"677","V",1.73,41,0,1,4,0,1,0,"N","2","2","1",24.3115424635078,72.7620154390326
"678","M",1.65,24,120,0,0,9,14,3,"N","2","3","2",26.4105492675635,71.9027203809415
"679","V",1.79,25,0,5,3,3,0,0,"N","2","3","4",25.3848235389097,81.3355131010205
"680","V",1.7,18,0,0,1,0,0,0,"N","1","0","0",25.2246510119449,72.8992414245208
"681","M",1.73,63,0,6,3,0,0,0,"N","0","1","1",23.4537318925655,70.1946741812592
"682","M",1.76,39,10,3,5,6,4,0,"N","0","1","1",21.3253366696324,66.0573628678534
"683","M",1.71,42,0,0,0,34,13,0,"N","2","4","4",12.5761244656583,36.7738455500314
"684","V",1.77,49,130,5,5,2,0,0,"N","0","1","1",28.468397309894,89.1886419321669
"685","V",1.72,32,0,6,0,0,0,0,"N","1","1","0",25.4351319130453,75.2472942515533
"686","M",1.6,49,10,4,2,0,4,0,"N","2","3","3",26.2519825522966,67.2050753338794
"687","M",1.65,30,0,0,0,14,9,1,"N","3","4","4",20.9502057202762,57.036935073452
"688","V",1.71,28,10,0,4,0,6,0,"N","2","2","4",26.3535480168242,77.0604097559956
"689","V",1.68,38,90,0,5,0,3,0,"N","0","0","0",27.0462844891504,76.335433342178
"690","V",1.72,38,0,21,0,10,7,0,"N","2","3","3",22.6638913850077,67.0488562734069
"691","M",1.58,35,0,0,0,4,0,0,"N","0","0","0",23.2643287346705,58.0770702532314
"692","V",1.74,44,0,0,5,3,10,2,"N","2","4","4",22.2072407909468,67.2346422186706
"693","V",1.77,44,0,0,5,0,0,0,"N","1","1","0",22.8000036294219,71.4301313706157
"694","V",1.75,42,60,0,0,10,4,0,"N","1","3","2",25.0158180593717,76.6109428068259
"695","V",1.69,60,0,8,5,0,1,3,"N","1","2","2",20.7875844861114,59.3714200507827
"696","M",1.65,48,0,12,3,5,5,0,"N","0","1","2",22.0490614847998,60.0285698923673
"697","M",1.65,39,0,0,2,12,8,0,"N","2","4","3",21.018551583361,57.2230066857004
"698","V",1.75,56,10,0,2,3,8,0,"N","1","2","3",24.3899810259446,74.6943168919553
"699","V",1.77,28,60,5,1,1,2,0,"N","0","1","1",28.0840249642101,87.9844418103739
"700","M",1.68,30,50,10,2,0,0,0,"N","0","0","0",26.7371255355202,75.4628631114523
"701","V",1.74,19,0,0,0,0,0,0,"N","2","4","4",28.3842189511393,85.9360612964692
"702","M",1.73,36,0,13,0,13,0,0,"N","1","4","4",22.0314686378705,65.9379824862826
"703","V",1.87,18,0,0,0,0,4,0,"N","2","3","4",28.2769234147325,98.8815734889781
"704","M",1.59,31,40,0,0,0,3,0,"N","0","0","1",27.5874397125155,69.7438063372106
"705","M",1.71,29,0,21,0,0,1,0,"N","1","3","4",27.8634069067083,81.4753881359059
"706","V",1.82,67,0,0,3,9,5,0,"N","3","4","3",20.8477016228475,69.05592685552
"707","M",1.69,18,0,7,0,7,9,2,"N","0","0","0",20.8502511527129,59.5504023172632
"708","M",1.6,50,0,4,0,8,0,0,"N","2","2","3",22.8114967889086,58.3974317796059
"709","M",1.54,35,0,0,1,0,0,0,"N","0","1","0",24.8855508104284,59.018572302012
"710","V",1.72,82,190,8,0,0,0,0,"N","2","4","4",35.1373689278429,103.95039223613
"711","M",1.68,63,0,0,0,0,2,0,"N","0","1","1",24.7641435120328,69.8943186483614
"712","M",1.6,61,0,0,1,17,0,0,"N","0","0","0",16.1364428598625,41.309293721248
"713","M",1.74,50,0,0,3,0,0,0,"N","1","2","4",25.4832414110165,77.1530616959936
"714","M",1.72,23,0,0,2,0,5,0,"N","4","4","4",27.3602415655462,80.9425386475118
"715","M",1.64,37,0,0,1,10,8,5,"N","1","3","4",18.394207893052,49.4730615491527
"716","V",1.86,31,50,4,6,0,0,0,"N","0","0","0",24.9523176330767,86.3250380833922
"717","M",1.63,41,0,10,0,4,3,4,"N","1","1","2",20.5929194462983,54.7133276768699
"718","V",1.75,22,0,0,1,3,0,0,"N","0","2","2",25.2466809062329,77.3179602753382
"719","M",1.6,35,0,8,5,2,9,0,"N","0","1","1",22.7536840294826,58.2494311154755
"720","M",1.67,40,0,0,0,33,21,0,"N","1","2","2",11.8214075264934,32.9687234506373
"721","V",1.72,42,0,1,0,0,0,0,"N","1","0","0",24.7592370494116,73.2477268869793
"722","V",1.67,61,160,0,4,0,0,0,"N","1","2","0",30.7465573703231,85.749073850094
"723","V",1.75,21,90,10,6,14,18,0,"N","1","1","0",21.3953292061777,65.5231956939191
"724","M",1.67,61,10,0,3,10,11,1,"N","0","4","4",20.712562042776,57.7652642810981
"725","V",1.75,37,0,0,9,0,3,0,"N","2","3","3",23.1653868951356,70.9439973663526
"726","V",1.75,46,0,5,2,6,9,3,"N","1","2","1",19.758194643555,60.5094710958872
"727","V",1.7,50,0,0,6,0,0,0,"N","2","4","4",24.5980310077728,71.0883096124635
"728","V",1.8,60,0,11,1,9,0,0,"N","1","3","2",21.4613998278293,69.534935442167
"729","V",1.7,27,0,0,4,3,0,0,"S","1","3","3",24.4067889715054,70.5356201276506
"730","M",1.72,18,0,0,2,0,0,0,"N","0","1","1",25.5821942076383,75.6823633438771
"731","V",1.68,67,0,0,7,11,0,3,"N","0","0","0",13.3252371952944,37.6091494599989
"732","V",1.71,54,0,4,6,12,10,0,"N","0","0","0",16.413139342181,47.9936607504714
"733","V",1.69,53,0,0,8,0,1,0,"N","1","1","0",21.1512603215711,60.4101146044392
"734","V",1.81,95,120,4,0,0,0,0,"N","1","1","1",29.3221159527623,96.0621840728444
"735","M",1.64,34,0,15,0,16,8,0,"N","2","3","4",20.6432241236713,55.5220156030262
"736","M",1.62,23,10,0,4,0,3,0,"N","2","3","4",26.8218233359226,70.3911931627953
"737","M",1.67,50,50,0,3,0,0,0,"N","2","2","0",26.3160256594366,73.3927639616027
"738","M",1.67,46,0,7,0,14,7,0,"N","1","4","3",20.749984869188,57.8696328016785
"739","V",1.68,66,10,14,1,4,11,0,"N","0","2","2",23.6331785411804,66.7022831146275
"740","M",1.68,47,0,0,0,0,0,0,"N","2","4","4",27.3316314761687,77.1407966783384
"741","M",1.69,38,60,0,4,1,0,0,"N","0","1","1",26.397689246539,75.39444025704
"742","M",1.6,18,220,0,0,11,1,0,"N","1","2","2",32.8794482358354,84.1713874837387
"743","V",1.82,47,0,0,5,0,0,0,"N","1","4","4",25.1476121103897,83.298950354455
"744","V",1.68,31,90,7,3,22,21,0,"N","2","1","1",19.3080826638929,54.4951325105713
"745","V",1.74,69,90,0,0,0,4,0,"N","1","3","3",30.2143618055216,91.4770018023973
"746","M",1.69,69,150,9,0,9,7,10,"N","0","3","4",20.9322124883255,59.7844920879066
"747","V",1.67,31,40,7,0,16,2,0,"N","3","4","3",22.3551532764123,62.3462869725864
"748","V",1.79,44,0,0,0,8,2,0,"N","2","1","0",21.4679126282332,68.7853388521219
"749","M",1.6,37,0,9,2,4,6,0,"N","0","0","0",22.3155361687181,57.1277725919185
"750","V",1.76,28,0,5,1,6,0,1,"N","1","0","0",21.3443405578698,66.1162293120576
"751","V",1.8,58,0,5,1,7,0,3,"N","1","2","3",19.9115566911239,64.5134436792414
"752","V",1.69,28,0,0,0,13,8,0,"N","0","2","1",20.8337799374735,59.5033588794182
"753","V",1.78,70,0,7,0,4,3,0,"N","0","1","0",22.2485651563871,70.492353841497
"754","M",1.62,35,80,2,2,17,6,0,"N","1","3","3",22.6670840003817,59.4874952506017
"755","V",1.76,38,0,0,2,3,1,0,"N","1","1","0",23.0174283201986,71.2987859646473
"756","M",1.5,38,110,0,6,2,16,5,"N","1","1","2",23.3774495399874,52.5992614649717
"757","V",1.76,18,0,0,0,6,3,0,"N","2","4","4",25.784728585734,79.8707752671695
"758","V",1.67,72,40,0,0,0,1,0,"N","0","1","0",25.8517453718907,72.0979326676659
"759","M",1.72,26,0,2,8,0,0,0,"N","1","3","3",24.0157072763155,71.0480684062518
"760","M",1.62,25,0,7,1,0,0,0,"N","0","1","1",25.7558512120514,67.5936559209078
"761","V",1.69,25,130,7,0,8,2,0,"N","2","2","2",29.6141455884694,84.5809612152276
"762","V",1.78,42,0,0,7,0,6,1,"N","1","1","2",21.857665849808,69.2538284785318
"763","M",1.61,27,0,3,0,20,16,1,"N","1","0","2",16.3889324263553,42.4817517423556
"764","M",1.64,46,0,0,3,7,0,0,"N","1","4","4",22.982215695425,61.8129673344152
"765","V",1.73,18,0,0,0,17,9,3,"N","0","0","0",15.5878096133578,46.6527553918184
"766","M",1.7,50,10,7,0,16,6,4,"N","2","1","2",15.4604996703786,44.6808440473942
"767","V",1.71,31,0,0,0,2,5,0,"N","1","2","2",25.7846668868762,75.3969444439146
"768","V",1.76,64,30,0,1,0,2,0,"N","2","2","2",26.4265734701352,81.8589539810908
"769","V",1.79,40,0,15,4,0,7,0,"N","2","3","3",25.2366290314533,80.8606830796796
"770","V",1.8,33,0,0,1,9,3,0,"N","2","2","2",22.196081622983,71.9153044584649
"771","V",1.7,51,30,0,0,10,8,0,"S","1","2","3",23.3351091760917,67.4384655189049
"772","M",1.63,32,90,9,1,10,0,0,"N","1","2","2",26.1148574031686,69.3845646344786
"773","V",1.77,42,0,0,4,26,20,2,"N","2","2","3",11.7191650878802,36.7149723038198
"774","M",1.68,69,0,4,9,0,0,0,"N","0","3","2",21.5842613170382,60.9194191412085
"775","M",1.58,60,0,15,1,0,3,0,"N","0","1","1",24.4401168683382,61.0123077501194
"776","V",1.79,43,120,18,5,0,1,0,"N","2","4","3",30.5928654300451,98.0226001244075
"777","M",1.65,44,0,0,6,19,12,2,"N","0","2","2",13.4688006291792,36.6688097129404
"778","V",1.82,35,0,0,2,0,0,0,"N","3","4","2",26.0649183092487,86.3374354075553
"779","V",1.74,49,100,1,5,9,11,4,"N","0","1","2",20.7113664517529,62.705733069327
"780","V",1.74,37,0,4,4,5,2,0,"N","1","2","3",22.8715240115632,69.2458260974087
"781","M",1.7,33,0,0,1,6,0,0,"N","2","4","4",24.7840385652725,71.6258714536375
"782","V",1.82,44,30,0,1,6,7,0,"N","1","3","2",24.8216521613136,82.2192406191352
"783","V",1.66,34,0,2,0,0,4,0,"N","3","4","4",27.8203328038336,76.6617090742438
"784","V",1.8,38,0,0,5,0,0,0,"N","3","4","3",25.0198979241654,81.064469274296
"785","M",1.62,44,0,2,0,0,0,0,"N","0","1","1",25.47839929862,66.8655111192984
"786","V",1.74,39,0,8,5,4,2,0,"N","1","2","1",22.191868226509,67.1881002425787
"787","M",1.68,40,0,2,5,9,1,0,"N","0","1","2",19.7181378335674,55.6524722214607
"788","V",1.82,42,0,4,0,4,0,0,"N","2","3","3",25.1506045209519,83.3088624152011
"789","V",1.81,65,0,7,8,5,0,0,"N","1","2","3",20.0717210439695,65.7569653121483
"790","M",1.65,43,0,2,0,12,9,0,"N","1","2","1",20.7094075860388,56.3813621529907
"791","V",1.8,57,0,0,1,15,11,0,"N","3","3","3",19.31526274591,62.5814512967484
"792","V",1.68,42,40,0,0,13,4,0,"N","2","3","4",23.5813360843816,66.5559629645586
"793","M",1.66,44,60,0,0,6,6,1,"N","1","1","1",24.8544777202395,68.488998805892
"794","M",1.66,23,0,0,5,0,0,0,"N","1","2","0",24.0570256636996,66.2915399188906
"795","V",1.76,45,10,5,1,1,0,0,"N","2","3","2",26.0214738050177,80.6041172584228
"796","V",1.82,53,0,0,1,0,0,0,"N","1","3","2",25.6801708594105,85.0629979547113
"797","M",1.58,41,0,0,0,6,0,0,"N","0","1","1",22.9540937528555,57.3025996446284
"798","M",1.66,25,0,0,0,0,0,1,"N","1","1","0",24.8309752011424,68.4242352642679
"799","M",1.7,57,0,0,1,2,5,0,"N","1","2","2",24.3704603583906,70.4306304357487
"800","M",1.67,74,0,0,1,0,4,0,"N","0","1","1",23.9138231308529,66.6932613296356
"801","V",1.81,44,30,8,0,0,1,0,"N","1","2","3",27.9933940035438,91.7091580950099
"802","M",1.64,38,0,0,2,0,3,0,"N","3","4","4",26.7963554182405,72.0714775328996
"803","V",1.77,29,0,4,0,10,3,0,"N","0","1","1",21.6471474872162,67.8183483626997
"804","V",1.71,36,0,0,1,0,0,0,"N","2","1","1",25.3423347040273,74.1035209080461
"805","V",1.73,54,0,0,2,3,0,0,"N","1","2","2",23.606919918825,70.6531506250512
"806","M",1.65,65,80,0,7,6,3,0,"N","2","2","4",24.375676699183,66.3627798135258
"807","V",1.72,31,10,2,0,0,0,0,"N","2","1","1",26.4471780892001,78.2413316590895
"808","V",1.75,59,0,0,6,0,0,0,"N","0","1","1",22.2936899123796,68.2744253566626
"809","V",1.69,44,90,0,1,13,5,0,"N","0","0","1",23.3486424799482,66.6860577869799
"810","M",1.62,18,30,3,3,25,13,0,"N","1","2","3",16.6725401426326,43.755414350325
"811","M",1.69,34,40,11,0,6,6,0,"N","0","1","1",25.1375504732586,71.795357906674
"812","V",1.7,56,0,0,2,12,10,0,"N","1","3","3",20.2345926701875,58.4779728168417
"813","V",1.76,57,0,0,2,5,0,0,"N","0","1","1",21.9185212452888,67.8948114094065
"814","V",1.78,33,0,0,3,13,12,0,"N","3","4","4",20.8338342478643,66.0099204309332
"815","M",1.74,32,180,18,1,6,10,0,"N","0","1","0",31.0026395971362,93.8635916442895
"816","V",1.85,30,0,7,0,2,0,0,"N","2","2","1",25.5932468724132,87.5928874208343
"817","M",1.62,33,0,0,5,0,0,0,"N","1","1","1",23.7078964408653,62.2190034194068
"818","V",1.67,49,0,0,1,2,6,0,"N","2","3","1",24.7225004826668,68.9485815961093
"819","M",1.68,18,20,23,6,0,1,2,"N","0","0","0",22.2661794107051,62.8440647687739
"820","V",1.73,52,70,8,0,0,0,0,"N","1","1","2",28.7672146847462,86.097396829977
"821","M",1.66,49,40,6,5,13,5,0,"N","2","2","0",19.2862535137079,53.1452001823736
"822","V",1.65,33,40,0,0,20,2,0,"N","1","2","1",19.4895311689355,53.060248607427
"823","M",1.66,42,90,0,7,0,0,0,"N","1","2","2",27.5132480247396,75.8155062569724
"824","M",1.63,19,0,0,5,5,4,0,"N","2","2","1",22.5042026270456,59.7914159597975
"825","M",1.75,18,0,0,0,2,4,0,"N","1","2","2",26.2733682145411,80.4621901570322
"826","M",1.6,44,0,0,5,0,1,3,"N","2","3","4",22.5135906516869,57.6347920683186
"827","V",1.82,43,30,0,0,6,11,0,"N","2","2","2",25.0157351742932,82.8621211913289
"828","V",1.77,33,0,0,0,6,2,0,"N","2","3","3",24.6099086175934,77.1003827080584
"829","M",1.66,34,0,0,0,23,15,0,"N","1","0","0",14.9511590229428,41.1994138036212
"830","M",1.64,36,0,12,3,1,4,0,"N","0","1","0",23.5348368584255,63.2992972144212
"831","V",1.7,37,0,3,0,9,0,0,"N","2","2","3",22.8606843207025,66.0673776868303
"832","V",1.74,22,0,0,3,0,0,2,"N","3","4","4",25.2264229409196,76.3755180959281
"833","V",1.84,52,0,6,1,1,0,0,"N","0","1","0",23.806966047611,80.6008642507918
"834","V",1.75,31,0,0,0,0,1,0,"N","0","1","1",25.9671006262849,79.5242456679976
"835","M",1.66,18,0,0,0,14,13,0,"N","2","3","2",21.2795159340863,58.6378341079681
"836","V",1.73,36,0,6,0,17,3,0,"N","1","1","1",18.3074040473769,54.7922295733944
"837","V",1.73,29,70,7,1,13,5,0,"N","2","4","4",25.2183538738633,75.4760113090854
"838","M",1.65,43,0,0,0,0,0,0,"N","0","1","3",26.123172596569,71.1203373941591
"839","M",1.63,43,120,0,0,8,0,3,"N","1","0","1",24.8589293890876,66.0476894938669
"840","V",1.82,39,0,8,3,5,9,0,"N","3","4","4",24.1243901559096,79.9096299524349
"841","M",1.67,18,0,15,0,0,2,0,"N","2","4","4",28.4218113609596,79.2655897045803
"842","V",1.77,28,60,18,0,8,0,0,"N","0","1","1",25.4442322662693,79.714235266995
"843","M",1.59,24,0,0,7,15,15,0,"N","2","3","3",17.9349890310478,45.341445769392
"844","M",1.64,42,0,0,0,3,0,0,"N","1","0","1",23.935071965218,64.3757695576504
"845","M",1.66,52,50,5,3,0,0,0,"S","1","1","1",26.2676357151653,72.3830969767095
"846","V",1.78,51,0,0,7,0,0,3,"N","2","2","1",20.0232960038999,63.4418110587564
"847","M",1.66,49,0,0,3,0,10,0,"N","1","3","2",24.9569327523804,68.7713238924595
"848","M",1.71,21,60,0,5,1,8,0,"N","1","2","3",27.674718656508,80.9236448234952
"849","M",1.68,18,0,0,2,11,0,0,"N","1","3","1",21.4954371511042,60.6687218152764
"850","V",1.8,41,0,12,0,0,8,0,"N","2","4","4",27.5571859350909,89.2852824296946
"851","V",1.72,45,0,5,0,2,0,0,"N","2","4","4",26.5277887040675,78.4798101021133
"852","V",1.7,26,0,2,1,10,0,0,"N","2","3","1",22.0710155415679,63.7852349151312
"853","V",1.76,37,0,11,1,8,7,0,"N","1","1","1",21.7886319272393,67.4924662578164
"854","M",1.68,42,0,0,0,2,0,0,"N","1","3","3",26.0296321126938,73.466033674867
"855","M",1.59,42,0,0,3,2,3,0,"N","2","3","4",25.1852663678342,63.6708719045216
"856","M",1.65,42,0,0,0,10,7,4,"N","3","4","3",19.1891953693709,52.2425843931123
"857","V",1.75,25,0,0,7,0,0,0,"N","2","4","4",25.1010373801265,76.8719269766374
"858","V",1.74,43,0,0,5,10,7,0,"N","2","4","3",20.436797916354,61.8744493715535
"859","V",1.73,37,0,11,7,0,5,0,"N","1","1","1",22.6839190552722,67.8907013405241
"860","M",1.62,74,0,0,4,12,10,0,"S","1","4","4",19.2952553679439,50.638468187632
"861","V",1.81,45,0,1,0,5,5,0,"N","0","1","2",23.4722503337282,76.8974393183271
"862","V",1.73,28,0,0,1,29,11,4,"N","0","2","0",9.40116470438091,28.1367458437416
"863","M",1.62,34,0,8,1,0,1,0,"N","1","2","1",25.8851009517178,67.9328589376883
"864","M",1.66,59,0,0,4,8,3,0,"N","1","2","2",20.3477811440568,56.0703457205628
"865","V",1.7,51,0,0,1,13,15,6,"N","0","1","1",13.8609477265256,40.058138929659
"866","M",1.69,37,0,0,4,7,7,0,"N","1","3","2",21.8946412259726,62.5332848055002
"867","M",1.55,47,0,0,3,0,3,0,"N","1","2","4",25.5960186404777,61.4944347837476
"868","M",1.64,18,0,0,0,7,2,0,"N","0","1","0",22.884829079434,61.5510362920456
"869","M",1.65,31,20,0,0,2,0,0,"N","3","4","4",28.0142373673831,76.2687612327004
"870","M",1.67,59,0,0,0,10,6,0,"S","2","4","3",22.0193387250069,61.4097337701718
"871","M",1.7,18,0,5,5,0,0,0,"N","1","2","0",24.2449877128015,70.0680144899963
"872","V",1.76,51,0,6,3,5,5,0,"N","2","2","4",23.2480800218414,72.0132526756559
"873","M",1.59,31,0,0,0,0,0,0,"N","1","3","4",27.7882220870676,70.2514042583156
"874","M",1.69,48,0,3,0,0,3,0,"N","0","0","2",25.2570713181919,72.136721391888
"875","V",1.76,26,0,0,1,0,0,0,"N","1","3","4",27.5393802630137,85.3059843027112
"876","V",1.65,31,130,0,2,4,6,0,"N","3","4","4",31.542454121396,85.8743313455007
"877","V",1.65,22,40,3,4,15,5,0,"N","0","0","0",19.0914726667923,51.9765343353421
"878","M",1.65,62,0,5,0,19,13,0,"N","3","4","3",17.9509373327072,48.8714268882954
"879","V",1.68,43,0,6,0,21,12,0,"N","2","4","4",18.2522114021602,51.5150414614571
"880","V",1.78,33,0,0,0,4,0,0,"N","2","4","3",25.6338241555625,81.2182084544841
"881","M",1.61,20,100,3,2,0,0,0,"N","1","1","1",30.3077840171488,78.5608069508515
"882","V",1.82,45,0,4,1,3,0,0,"N","2","3","4",25.5065830888137,84.4880058233864
"883","M",1.63,37,0,0,2,0,4,0,"N","2","3","3",26.223014007226,69.6719259157989
"884","M",1.68,50,0,0,0,10,4,3,"N","2","2","3",19.3305584552299,54.5585681840407
"885","M",1.67,35,0,0,0,8,4,0,"N","2","3","3",23.6556962062108,65.9733711495012
"886","M",1.59,52,0,4,0,11,14,0,"N","1","2","1",20.8105896935263,52.611251804204
"887","V",1.77,33,0,0,2,14,9,0,"N","0","2","3",19.9398772343177,62.4696413873941
"888","M",1.59,53,0,0,2,0,0,0,"N","1","2","2",24.9630537162582,63.1090961000723
"889","M",1.76,20,0,18,3,0,7,0,"N","0","0","0",24.2758584459926,75.1968991223067
"890","M",1.58,22,0,0,0,1,2,0,"N","0","0","2",25.7949601776508,64.3945385874876
"891","V",1.75,32,0,7,0,7,6,0,"N","1","3","3",24.2079872315429,74.1369608966
"892","M",1.65,18,0,5,2,14,4,0,"N","2","2","2",20.1255949177782,54.791932163651
"893","M",1.62,43,0,0,0,10,5,0,"N","0","0","0",20.3265066808817,53.3448841333061
"894","V",1.75,46,0,0,0,3,3,0,"N","1","4","4",26.0506824983762,79.7802151512771
"895","V",1.64,30,0,18,3,18,9,0,"N","0","1","2",17.0120455152442,45.7555976178009
"896","M",1.71,51,40,9,6,10,3,2,"N","2","4","4",20.3510033296123,59.5083688361192
"897","V",1.77,29,0,0,0,2,3,0,"N","0","1","1",25.1632578541838,78.8339705313724
"898","M",1.64,51,0,11,1,0,0,0,"N","2","4","4",26.7444579637314,71.9318941392519
"899","V",1.81,21,0,5,0,10,0,3,"N","1","2","4",20.8867842146285,68.4271937655446
"900","V",1.74,28,0,8,2,1,0,0,"S","0","0","0",23.9724092447144,72.5788662292973
"901","V",1.82,52,50,0,1,16,9,0,"N","1","3","3",21.4640983137166,71.0976792543549
"902","V",1.68,36,50,12,0,9,2,0,"N","2","2","2",24.9204955812533,70.3356067285293
"903","M",1.62,52,0,25,2,15,5,0,"N","1","1","2",17.9403577599645,47.0826749052509
"904","V",1.68,51,0,7,0,26,13,0,"N","1","3","2",14.7648008595624,41.6721739460288
"905","M",1.69,45,30,9,0,10,8,0,"N","1","2","3",23.5606636350139,67.2916114079633
"906","M",1.64,52,10,7,1,8,4,0,"N","2","4","3",23.2047867752508,62.4115945107146
"907","M",1.67,18,0,9,4,0,0,0,"N","0","1","3",25.3157673494553,70.603143560896
"908","M",1.62,46,0,0,0,0,11,0,"N","0","3","3",26.7582900651542,70.2244564469907
"909","V",1.78,30,0,24,7,4,3,0,"N","2","4","4",23.1550201475408,73.3643658354683
"910","M",1.7,51,30,0,1,0,0,0,"N","1","1","0",25.7243046420477,74.3432404155179
"911","M",1.65,24,0,12,6,4,0,0,"N","0","2","2",22.5479629249422,61.3868290631553
"912","V",1.8,22,0,0,7,25,9,1,"N","0","0","1",11.0926859597286,35.9403025095208
"913","V",1.74,23,0,6,8,6,8,3,"N","3","3","3",18.8894909886141,57.1898229171281
"914","V",1.79,32,50,2,0,16,11,0,"N","1","2","2",21.9942686494382,70.4718361796648
"915","V",1.77,39,0,12,0,5,0,0,"N","3","4","4",25.4348017753769,79.6846904820784
"916","M",1.68,48,0,0,0,15,5,0,"N","1","1","2",18.9643351455576,53.5249395148218
"917","V",1.89,42,0,13,0,0,0,0,"S","3","3","2",26.5304912405904,94.7695677605131
"918","M",1.66,53,10,0,2,18,4,0,"S","2","4","3",18.3352525335652,50.5246218814921
"919","V",1.9,57,0,0,4,0,0,0,"N","3","4","4",25.2084918853417,91.0026557060837
"920","M",1.64,35,0,12,3,0,3,0,"N","1","3","1",25.2542140655824,67.9237341507904
"921","M",1.67,38,30,0,1,12,6,0,"N","0","3","4",23.2543381834632,64.8540237598604
"922","V",1.74,24,0,11,0,0,0,0,"N","1","2","2",26.9268413473607,81.5237048632694
"923","M",1.62,48,200,18,3,0,0,4,"N","2","2","2",30.8465468279245,80.953677495205
"924","M",1.66,51,0,1,3,2,1,0,"N","3","4","4",24.9918226256779,68.867466427318
"925","M",1.61,47,0,0,4,10,3,0,"N","1","2","1",19.6908500458761,51.0406524039153
"926","M",1.66,37,0,2,0,0,0,0,"N","3","4","4",27.7075555743724,76.3509401407407
"927","M",1.6,75,0,0,0,12,3,0,"N","1","3","4",20.8599905045195,53.40157569157
"928","V",1.73,36,0,0,1,0,5,0,"N","1","3","2",26.3192418263569,78.7708588621037
"929","V",1.71,34,0,0,5,0,0,0,"N","2","3","2",24.6472111533746,72.0709101335825
"930","M",1.68,18,90,0,1,0,0,0,"N","3","4","2",31.461490315587,88.7969102667129
"931","M",1.61,34,0,0,0,3,1,0,"N","0","1","0",24.0414057057917,62.3177277299827
"932","V",1.78,23,0,0,0,5,0,0,"N","2","4","4",26.036280332503,82.4933506055025
"933","M",1.73,18,0,3,0,0,0,0,"N","2","4","4",28.4218113609596,85.0636392222161
"934","V",1.72,58,0,11,0,11,2,0,"N","1","4","4",22.0834632135641,65.3317175710079
"935","M",1.66,70,50,14,0,0,0,0,"N","1","2","4",28.4421921486519,78.3753046848253
"936","V",1.73,57,20,0,0,0,0,0,"N","1","2","2",26.6464467491185,79.7501504754368
"937","M",1.75,56,0,0,0,5,0,0,"N","1","3","1",23.5776160994671,72.2064493046178
"938","M",1.63,42,0,10,2,0,0,0,"N","2","3","1",25.4278710699955,67.5593106458711
"939","V",1.65,57,10,8,0,1,0,0,"N","2","3","4",26.8513830987819,73.1028904864338
"940","M",1.66,48,0,0,4,10,0,0,"N","1","2","1",19.6532576360557,54.156516741915
"941","V",1.73,34,0,2,1,0,1,0,"N","1","1","2",25.6465319479514,76.7575054670236
"942","M",1.71,26,40,17,8,0,5,0,"N","1","1","0",24.0865652383818,70.4315254135523
"943","M",1.72,41,0,0,3,0,10,0,"S","3","4","4",26.2467743156236,77.6484571353408
"944","V",1.81,39,0,2,2,0,6,0,"N","0","1","2",25.0217660256937,81.9738076767751
"945","M",1.67,42,0,6,0,17,7,0,"N","0","2","2",18.7784434407878,52.3712009120131
"946","V",1.82,18,0,6,0,6,7,0,"N","1","3","2",24.7956263010538,82.1330325596108
"947","V",1.83,38,30,0,2,9,8,0,"N","1","2","3",23.389716553316,78.3298217653999
"948","M",1.61,39,0,0,1,3,4,0,"N","2","1","0",23.416639783534,60.6982719828986
"949","M",1.69,53,0,8,7,0,3,0,"N","1","1","0",21.5880641947269,61.6576701465594
"950","V",1.77,45,20,0,0,14,2,3,"N","2","2","2",18.3424517828329,57.4650671904373
"951","V",1.82,40,0,0,0,15,12,0,"N","0","1","1",19.0360619998373,63.0550517682611
"952","M",1.61,19,0,0,0,24,11,0,"N","2","3","4",17.6909999040094,45.8568408511827
"953","V",1.74,29,0,9,3,1,0,0,"N","1","2","2",24.9889538829205,75.6565567759302
"954","V",1.66,34,0,9,0,10,13,0,"N","1","4","4",23.4251948451241,64.550466915224
"955","M",1.67,40,0,0,4,20,12,0,"N","2","3","4",16.9123989886421,47.1669895394239
"956","V",1.74,30,0,6,0,10,12,0,"N","1","4","3",23.1095186097979,69.9663785430241
"957","M",1.73,65,0,10,0,9,5,9,"N","1","4","3",14.4275658361451,43.1802617909988
"958","M",1.72,50,0,21,0,0,1,0,"N","2","4","4",27.2188542467075,80.5242584034595
"959","V",1.71,29,0,12,0,20,13,0,"N","2","2","1",17.7195909565565,51.8138559160669
"960","M",1.7,29,0,0,1,3,4,0,"N","2","1","2",24.5159526094404,70.8511030412828
"961","V",1.72,35,0,11,0,10,0,0,"N","1","4","3",22.921556560696,67.811132929163
"962","V",1.8,28,0,7,0,0,0,0,"N","0","1","1",26.0798778557461,84.4988042526173
"963","V",1.78,21,0,0,0,20,8,0,"N","0","3","3",18.9078243932447,59.9075508075565
"964","V",1.78,70,0,0,2,4,0,0,"N","1","2","3",22.9440960296732,72.6960738604166
"965","M",1.65,48,110,2,0,12,1,5,"S","0","2","1",21.4657797257753,58.4405853034233
"966","V",1.71,46,0,8,2,1,3,0,"N","0","0","0",23.2957458679476,68.1190904924655
"967","V",1.7,21,0,0,0,0,0,0,"N","3","3","4",28.1641461852714,81.3943824754343
"968","M",1.6,31,0,0,0,11,8,0,"N","3","4","4",23.0984582787143,59.1320531935086
"969","M",1.7,23,0,0,2,13,4,0,"N","1","2","3",20.7553151283925,59.9828607210542
"970","V",1.76,58,0,0,0,6,10,0,"N","2","3","3",23.670098372084,73.3204967173673
"971","M",1.64,18,170,0,0,0,3,0,"N","3","4","4",36.5831282305168,98.3939816887981
"972","V",1.78,18,0,1,8,0,0,0,"N","0","0","0",22.1670238998544,70.2339985242988
"973","V",1.76,67,10,0,2,13,5,1,"S","3","4","4",19.6052700693967,60.7292845669632
"974","V",1.75,59,0,0,3,0,8,0,"N","3","3","3",24.9591771180219,76.4374799239421
"975","M",1.58,51,70,0,1,0,4,0,"N","2","4","4",30.1050002041373,75.1541225096083
"976","M",1.6,38,70,0,0,20,12,0,"N","1","1","0",19.77984377711,50.6364000694015
"977","V",1.83,48,0,0,0,5,2,2,"N","1","2","2",22.0924473710257,73.985397000828
"978","V",1.77,24,0,0,1,0,0,0,"N","0","1","1",25.7934436218718,80.8082795229622
"979","V",1.72,18,20,0,3,0,5,0,"N","2","2","1",26.5731266883626,78.6139379948518
"980","V",1.76,21,0,10,0,0,4,0,"N","1","2","1",26.8106061525385,83.0485336181033
"981","V",1.78,34,0,0,0,1,2,0,"N","0","2","2",26.111403453286,82.7313707013914
"982","M",1.74,59,0,22,5,9,5,0,"N","3","4","3",20.2748331550989,61.3840848603776
"983","M",1.67,55,0,12,5,19,8,2,"N","2","4","4",14.7615035489875,41.1683572477712
"984","V",1.76,52,0,2,6,0,0,0,"N","1","1","1",22.5568367811223,69.8720576132044
"985","M",1.67,61,10,1,0,3,13,0,"N","1","2","2",24.697458259309,68.8787413393869
"986","V",1.75,49,0,2,0,15,3,0,"N","0","0","1",18.397759546024,56.3431386096984
"987","V",1.75,41,0,5,0,7,5,0,"S","1","2","1",22.9821613850343,70.3828692416676
"988","V",1.74,36,0,10,6,9,6,0,"N","2","2","3",20.2774534915882,61.3920181911325
"989","M",1.74,33,0,19,5,18,3,0,"N","2","2","2",16.4932419675213,49.9349393808676
"990","M",1.6,26,0,8,2,0,0,0,"N","2","4","3",26.7814184614773,68.560431261382
"991","M",1.7,48,60,0,0,17,5,0,"N","1","3","3",22.0918354931981,63.8454045753424
"992","M",1.61,24,70,3,3,9,0,0,"N","0","1","0",23.8303776497084,61.770721905809
"993","V",1.71,18,0,8,2,0,0,0,"N","3","4","4",27.5482036146481,80.5537021895924
"994","V",1.77,29,50,6,0,11,8,0,"S","0","1","1",23.6080210059209,73.9615690094496
"995","V",1.72,35,110,4,0,16,6,3,"N","1","3","3",22.8185271893728,67.5063308370404
"996","M",1.6,35,0,0,2,6,4,0,"N","1","1","1",22.3060404654662,57.1034635915934
"997","M",1.61,33,0,1,0,10,3,0,"N","2","2","3",22.5715401641131,58.5076892593976
"998","M",1.62,42,0,17,0,8,1,2,"N","1","2","2",20.9994604423351,55.1109839848643
"999","M",1.7,78,0,18,9,9,1,0,"N","1","3","3",17.6684739296615,51.0618896567217
"1000","V",1.68,57,0,4,0,6,0,0,"N","1","1","2",22.5816276200127,63.734385794724
