{"chunk_definitions":[{"row":23,"row_count":1,"visible":true,"expansion_state":0,"options":{"engine":"r","label":"unnamed-chunk-2"},"document_id":"E7031883","chunk_id":"cm1hsb1529wzg","chunk_label":"unnamed-chunk-1"},{"row":38,"row_count":1,"visible":true,"expansion_state":0,"options":{"engine":"r","label":"unnamed-chunk-5"},"document_id":"E7031883","chunk_id":"cq3ttjtrwvrdf","chunk_label":"unnamed-chunk-2"},{"row":43,"row_count":1,"visible":true,"expansion_state":0,"options":{"engine":"r","label":"unnamed-chunk-8"},"document_id":"E7031883","chunk_id":"ccl65ax7cat1k","chunk_label":"unnamed-chunk-3"},{"row":48,"row_count":1,"visible":true,"expansion_state":0,"options":{"engine":"r","label":"unnamed-chunk-9"},"document_id":"E7031883","chunk_id":"c426ox4wcfct0","chunk_label":"unnamed-chunk-4"},{"row":58,"row_count":1,"visible":true,"expansion_state":0,"options":{"engine":"r","label":"unnamed-chunk-20"},"document_id":"E7031883","chunk_id":"clczao4sgdaw6","chunk_label":"unnamed-chunk-5"},{"row":63,"row_count":1,"visible":true,"expansion_state":0,"options":{"engine":"r","label":"unnamed-chunk-14"},"document_id":"E7031883","chunk_id":"cuiigxjr4jw8m","chunk_label":"unnamed-chunk-6"},{"row":69,"row_count":1,"visible":true,"expansion_state":0,"options":{"engine":"r","label":"unnamed-chunk-21"},"document_id":"E7031883","chunk_id":"c83ltdp108fyj","chunk_label":"unnamed-chunk-7"},{"row":77,"row_count":1,"visible":true,"expansion_state":0,"options":{"engine":"r","label":"unnamed-chunk-23"},"document_id":"E7031883","chunk_id":"congwutulu68m","chunk_label":"unnamed-chunk-8"},{"row":84,"row_count":1,"visible":true,"expansion_state":0,"options":{"engine":"r","label":"unnamed-chunk-26"},"document_id":"E7031883","chunk_id":"cwnk4q1wsrc67","chunk_label":"unnamed-chunk-9"},{"row":89,"row_count":1,"visible":true,"expansion_state":0,"options":{"engine":"r","label":"unnamed-chunk-27"},"document_id":"E7031883","chunk_id":"cwcnjy92kzc8m","chunk_label":"unnamed-chunk-10"},{"row":97,"row_count":1,"visible":true,"expansion_state":0,"options":{"engine":"r","label":"unnamed-chunk-34"},"document_id":"E7031883","chunk_id":"c1957ky20n2g9","chunk_label":"unnamed-chunk-11"},{"row":103,"row_count":1,"visible":true,"expansion_state":0,"options":{"engine":"r","label":"unnamed-chunk-35"},"document_id":"E7031883","chunk_id":"c09jtycdtu22q","chunk_label":"unnamed-chunk-12"},{"row":109,"row_count":1,"visible":true,"expansion_state":0,"options":{"engine":"r","label":"unnamed-chunk-41"},"document_id":"E7031883","chunk_id":"cxq8xkxyko7f9","chunk_label":"unnamed-chunk-13"},{"row":121,"row_count":1,"visible":true,"expansion_state":0,"options":{"engine":"r","label":"unnamed-chunk-42"},"document_id":"E7031883","chunk_id":"cexvs8iv9q5q5","chunk_label":"unnamed-chunk-15"}],"doc_write_time":1683116951}