"=""User Id""","=""Username""","=""Comment Id""","=""Comment Text""","=""Profile URL""","=""Profile Pic URL""","=""Date"""
"=""26063205667""","=""jonathansoto_e""","=""17973645067848493""","=""🤝🏾✌🏾""","=""https://www.instagram.com/jonathansoto_e""","=""https://scontent-mad2-1.cdninstagram.com/v/t51.2885-19/274035625_310902157684612_4334157361429775057_n.jpg""","=""6/11/2022, 7:58:07"""
"=""26063205667""","=""jonathansoto_e""","=""18059942437316825""","=""Donde estas""","=""https://www.instagram.com/jonathansoto_e""","=""https://scontent-mad2-1.cdninstagram.com/v/t51.2885-19/274035625_310902157684612_4334157361429775057_n.jpg""","=""6/11/2022, 7:58:48"""
"=""26063205667""","=""jonathansoto_e""","=""18242622562134155""","=""6/7 donde estas por ahora no te encuentro por la iluminaccion.""","=""https://www.instagram.com/jonathansoto_e""","=""https://scontent-mad2-1.cdninstagram.com/v/t51.2885-19/274035625_310902157684612_4334157361429775057_n.jpg""","=""6/11/2022, 7:59:05"""
"=""26063205667""","=""jonathansoto_e""","=""17954515304189888""","=""Ya 6/7 a la derecha de ruben.""","=""https://www.instagram.com/jonathansoto_e""","=""https://scontent-mad2-1.cdninstagram.com/v/t51.2885-19/274035625_310902157684612_4334157361429775057_n.jpg""","=""6/11/2022, 7:59:20"""
"=""26063205667""","=""jonathansoto_e""","=""17982582037680033""","=""6/7 genialisimo.""","=""https://www.instagram.com/jonathansoto_e""","=""https://scontent-mad2-1.cdninstagram.com/v/t51.2885-19/274035625_310902157684612_4334157361429775057_n.jpg""","=""6/11/2022, 7:59:36"""
"=""26063205667""","=""jonathansoto_e""","=""17979261973739539""","=""@prokdts chulisimo""","=""https://www.instagram.com/jonathansoto_e""","=""https://scontent-mad2-1.cdninstagram.com/v/t51.2885-19/274035625_310902157684612_4334157361429775057_n.jpg""","=""6/11/2022, 8:00:59"""
"=""8973589673""","=""fr.1967s""","=""17958322913301766""","=""@le_saint_avan y cuál es el tu héroe?""","=""https://www.instagram.com/fr.1967s""","=""https://scontent-mad2-1.cdninstagram.com/v/t51.2885-19/346902256_767105271559720_1527870808328345374_n.jpg""","=""7/11/2022, 22:57:59"""
"=""31682739652""","=""kian_farid1""","=""18190870345211642""","=""@fr.1967s rubius 😍""","=""https://www.instagram.com/kian_farid1""","=""https://scontent-mad1-1.cdninstagram.com/v/t51.2885-19/116427275_1149560002078429_7352469076653734268_n.jpg""","=""8/11/2022, 0:56:50"""
"=""48007857973""","=""mendo4fun""","=""17963456195023845""","=""@anthony.daveta Tardisima respuesta pero bueno jajajaja es House, Tech House, Techno, Bass House, etc... Básicamente el género es EDM pero esos serían los subgéneros por así decirlo, saludos.""","=""https://www.instagram.com/mendo4fun""","=""https://scontent-mad2-1.cdninstagram.com/v/t51.2885-19/312558385_1017614076304605_4860766092664498605_n.jpg""","=""9/11/2022, 17:46:26"""
"=""1519807928""","=""jtavalero""","=""17931648680456923""","=""Xokas ya te pillaremos por Madrid""","=""https://www.instagram.com/jtavalero""","=""https://scontent-mad2-1.cdninstagram.com/v/t51.2885-19/345247369_6084988688289923_8798867839537521248_n.jpg""","=""13/11/2022, 17:13:56"""
"=""291549593""","=""alex_escarra""","=""18043695460359735""","=""Xokas baneame por aquí, porfa, por decirte que no tocas el Zelda ni dedicando un doctorado a el""","=""https://www.instagram.com/alex_escarra""","=""https://scontent-mad1-1.cdninstagram.com/v/t51.2885-19/319343727_139159742268858_5314351423906511964_n.jpg""","=""17/11/2022, 14:02:45"""
"=""226085033""","=""milociraptor_""","=""17881239848765815""","=""El botas?""","=""https://www.instagram.com/milociraptor_""","=""https://scontent-mad2-1.cdninstagram.com/v/t51.2885-19/309949497_792693592007567_4335047147909210615_n.jpg""","=""17/11/2022, 21:54:10"""
"=""7078343240""","=""rodoamezquita_hdz""","=""17942431931305920""","=""Pedazo de hombre""","=""https://www.instagram.com/rodoamezquita_hdz""","=""https://scontent-fra5-1.cdninstagram.com/v/t51.2885-19/44884218_345707102882519_2446069589734326272_n.jpg""","=""19/11/2022, 1:04:30"""
"=""27662112766""","=""leon_so_what""","=""18155836978273009""","=""El triunfo de la mediocridad y estupidez humana""","=""https://www.instagram.com/leon_so_what""","=""https://scontent-mad2-1.cdninstagram.com/v/t51.2885-19/176804647_845725866298511_5356560784173817653_n.jpg""","=""25/11/2022, 17:14:28"""
"=""5323882836""","=""diego_jupiter""","=""17978452939827710""","=""Irene Montero va contra ti ahora.""","=""https://www.instagram.com/diego_jupiter""","=""https://scontent-mad1-1.cdninstagram.com/v/t51.2885-19/318586134_3287681678214559_5011440293491291723_n.jpg""","=""26/11/2022, 5:56:16"""
"=""2328789970""","=""darionunez._""","=""18067031479315328""","=""Chau🇪🇦""","=""https://www.instagram.com/darionunez._""","=""https://scontent-mad1-1.cdninstagram.com/v/t51.2885-19/275451440_685910092547309_1467619246367521639_n.jpg""","=""6/12/2022, 18:48:30"""
"=""48832993675""","=""sh4d0w__08""","=""17864102183828246""","=""Es mi idolo este hombre.""","=""https://www.instagram.com/sh4d0w__08""","=""https://scontent-mad2-1.cdninstagram.com/v/t51.2885-19/346029848_2656078614534946_8831590075178192388_n.jpg""","=""7/12/2022, 17:45:13"""
"=""53041646216""","=""ldlucci""","=""17972278822959644""","=""Supongo que Grefg fue quien tomó la foto. 😂""","=""https://www.instagram.com/ldlucci""","=""https://scontent-mad1-1.cdninstagram.com/v/t51.2885-19/324581453_705153021241530_5441172016657270144_n.jpg""","=""23/12/2022, 1:16:17"""
"=""7959673229""","=""diazmaikr""","=""17971276750961072""","=""Llorón""","=""https://www.instagram.com/diazmaikr""","=""https://scontent-mad2-1.cdninstagram.com/v/t51.2885-19/344872757_272269908471561_2849276323726320236_n.jpg""","=""23/12/2022, 7:40:06"""
"=""45040305851""","=""narcilust""","=""17990480872632864""","=""@jtavalero a quien vas a pillar tu niño""","=""https://www.instagram.com/narcilust""","=""https://scontent-mad1-1.cdninstagram.com/v/t51.2885-19/345495485_1011757099813380_6712439614961178152_n.jpg""","=""23/12/2022, 9:17:47"""
"=""265628126""","=""jorgeoneill7""","=""17954539313353837""","=""El no se abochorna verdad? De hablar mrda de la gente y saludarlos así como si na jajajaja""","=""https://www.instagram.com/jorgeoneill7""","=""https://scontent-mad1-1.cdninstagram.com/v/t51.2885-19/331776713_5755373184588650_2089483661413834150_n.jpg""","=""30/12/2022, 1:02:31"""
"=""3141591020""","=""slowtime18""","=""17967968477123793""","=""Y la de trabajar te la sabes jajajaja 😂""","=""https://www.instagram.com/slowtime18""","=""https://scontent-mad1-1.cdninstagram.com/v/t51.2885-19/341745804_260794686287664_5636540812531590925_n.jpg""","=""18/1/2023, 1:26:23"""
"=""49082726927""","=""_delta.rp""","=""17963608952245692""","=""@arribasangel10 pero cobra 90 veces más que tú""","=""https://www.instagram.com/_delta.rp""","=""https://scontent-mad2-1.cdninstagram.com/v/t51.2885-19/269843361_4858522184168122_1540957848206090877_n.jpg""","=""25/1/2023, 18:19:44"""
"=""1020313636""","=""arribasangel10""","=""17909424371696551""","=""@_delta.rp te envía el o solo le llames en ojal?""","=""https://www.instagram.com/arribasangel10""","=""https://scontent-mad2-1.cdninstagram.com/v/t51.2885-19/294339372_162156662996672_6692314841026737064_n.jpg""","=""25/1/2023, 18:35:12"""
"=""49082726927""","=""_delta.rp""","=""17973054929065997""","=""@arribasangel10 En vez de llorar y criticar a los demás podrías estudiar un poco que te hace falta""","=""https://www.instagram.com/_delta.rp""","=""https://scontent-mad2-1.cdninstagram.com/v/t51.2885-19/269843361_4858522184168122_1540957848206090877_n.jpg""","=""25/1/2023, 18:38:03"""
"=""1020313636""","=""arribasangel10""","=""17990792998697865""","=""@_delta.rp seguiré tu consejo pero tu deberías dejar de escuchar a ese tipo si no vas a acabar hostigando a alguna mujer""","=""https://www.instagram.com/arribasangel10""","=""https://scontent-mad2-1.cdninstagram.com/v/t51.2885-19/294339372_162156662996672_6692314841026737064_n.jpg""","=""25/1/2023, 19:09:31"""
"=""1020313636""","=""arribasangel10""","=""18343852747016564""","=""@_delta.rp q pena la gente como tú que idolatra a un tipo q habla de ser el mejor tras la cámara y luego le lame el culo a todo el panorama""","=""https://www.instagram.com/arribasangel10""","=""https://scontent-mad2-1.cdninstagram.com/v/t51.2885-19/294339372_162156662996672_6692314841026737064_n.jpg""","=""25/1/2023, 19:11:23"""
"=""49082726927""","=""_delta.rp""","=""18085667098319376""","=""@arribasangel10 Eres de los típicos que se ven un clip descontextualizado y crítica, el ha dicho el mejor porque es lo que el considera y la mentalidad que hay que tener, pero por creer ser el mejor no tienes que ir criticando a los demás, el da su opinión, pero los ofendidos como tú os duele si alguien dice algo fuera de lo común""","=""https://www.instagram.com/_delta.rp""","=""https://scontent-mad2-1.cdninstagram.com/v/t51.2885-19/269843361_4858522184168122_1540957848206090877_n.jpg""","=""25/1/2023, 19:15:07"""
"=""1020313636""","=""arribasangel10""","=""17964979847053546""","=""@_delta.rp a ver si entiendes que lo que pasa es que el tío dice lo que piensa y luego cuando ve que se le echan encima tira del cable para que no le funen""","=""https://www.instagram.com/arribasangel10""","=""https://scontent-mad2-1.cdninstagram.com/v/t51.2885-19/294339372_162156662996672_6692314841026737064_n.jpg""","=""25/1/2023, 19:21:19"""
"=""49082726927""","=""_delta.rp""","=""18339452158027100""","=""@arribasangel10 En ningún momento ha hecho eso, el solo rectifica cuando sabe que la a cagado, tiene ocasiones que si como todo el mundo, pero no se hecha atrás por algo que el crea que está bien, pero ser sincero sale caro hoy en día""","=""https://www.instagram.com/_delta.rp""","=""https://scontent-mad2-1.cdninstagram.com/v/t51.2885-19/269843361_4858522184168122_1540957848206090877_n.jpg""","=""25/1/2023, 19:23:19"""
"=""1020313636""","=""arribasangel10""","=""18003417724576620""","=""@_delta.rp no creo q sea así, todo el mundo da su opinión pero que casualidad que añ único que funen es al xocas""","=""https://www.instagram.com/arribasangel10""","=""https://scontent-mad2-1.cdninstagram.com/v/t51.2885-19/294339372_162156662996672_6692314841026737064_n.jpg""","=""25/1/2023, 19:26:36"""
"=""49082726927""","=""_delta.rp""","=""18044473504405828""","=""@arribasangel10 pero nadie da la opinión como el, porque él si cree que alguien no es streamer del año lo dice, pero muchos otros van con """"creo"""" o con indirectas, su firmeza hace que la cague en algunas ocasiones obvio, pero también hace que lo diga tan claro que genere hate por decir lo que otros no se atreven""","=""https://www.instagram.com/_delta.rp""","=""https://scontent-mad2-1.cdninstagram.com/v/t51.2885-19/269843361_4858522184168122_1540957848206090877_n.jpg""","=""25/1/2023, 19:29:51"""
"=""57618085785""","=""cln_felix_""","=""17981314606826763""","=""Ostias skrillex y rubius""","=""https://www.instagram.com/cln_felix_""","=""https://scontent-mad2-1.cdninstagram.com/v/t51.2885-19/333176357_187786723878227_1075520457319723163_n.jpg""","=""7/2/2023, 8:09:31"""
"=""6651403861""","=""alejandra_alameda""","=""17985453043857382""","=""Xoker y un discípulo""","=""https://www.instagram.com/alejandra_alameda""","=""https://scontent-mad1-1.cdninstagram.com/v/t51.2885-19/347648307_903520144081315_7513996770307015885_n.jpg""","=""8/2/2023, 2:06:45"""
"=""51807741313""","=""chicharron_hermoso7""","=""17952454043309901""","=""Auronplay es mejor que tu""","=""https://www.instagram.com/chicharron_hermoso7""","=""https://scontent-mad2-1.cdninstagram.com/v/t51.2885-19/275016676_451847963401257_8141512353625997157_n.jpg""","=""15/2/2023, 16:53:56"""
"=""2106590015""","=""wanerkevin""","=""17952620516304139""","=""Xokas parece que vives en el ático de tú madre 💀""","=""https://www.instagram.com/wanerkevin""","=""https://scontent-mad1-1.cdninstagram.com/v/t51.2885-19/310592473_430715722498627_640906699917276360_n.jpg""","=""16/2/2023, 0:47:43"""
"=""8634748191""","=""kelogua89""","=""18235706179082587""","=""kfas con ese moinante du""","=""https://www.instagram.com/kelogua89""","=""https://scontent-mad1-1.cdninstagram.com/v/t51.2885-19/335919635_5786883651409567_7606376043613616661_n.jpg""","=""16/2/2023, 12:48:44"""
"=""46148930249""","=""martin_picos""","=""18235660444095835""","=""Olé la Estrella Galicia😂😂""","=""https://www.instagram.com/martin_picos""","=""https://scontent-mad2-1.cdninstagram.com/v/t51.2885-19/327206043_134662172807260_8943223130323705457_n.jpg""","=""20/2/2023, 19:14:30"""
"=""605932765""","=""amendozain_""","=""17945026961597142""","=""Skrillex y Ferxo""","=""https://www.instagram.com/amendozain_""","=""https://scontent-mad2-1.cdninstagram.com/v/t51.2885-19/309924279_803869680889283_7798541026963929751_n.jpg""","=""20/2/2023, 19:18:09"""
"=""3952561461""","=""pri.sakuritaaa""","=""17957070548456196""","=""parece muchisimo mas joven en fotos que en el stream, las luces del stream no lo favorecen creo (en mi humilde opinion)""","=""https://www.instagram.com/pri.sakuritaaa""","=""https://scontent-mad1-1.cdninstagram.com/v/t51.2885-19/338169381_134421776254920_8104051963446001446_n.jpg""","=""1/3/2023, 23:51:38"""
"=""50691967696""","=""iamainhoaperez""","=""18033741388455320""","=""😍""","=""https://www.instagram.com/iamainhoaperez""","=""https://scontent-fra5-1.cdninstagram.com/v/t51.2885-19/44884218_345707102882519_2446069589734326272_n.jpg""","=""12/3/2023, 23:59:41"""
"=""1816573298""","=""fedenicoolass""","=""17978372702072619""","=""Los vivos que se cuelgan del efectivo de los seguidores para vivir sin trabajar. No sé cómo no tienen vergüenza, lmao. Más boludos los que les donan y no se enteran.""","=""https://www.instagram.com/fedenicoolass""","=""https://scontent-mad1-1.cdninstagram.com/v/t51.2885-19/278463596_677757600177493_7615183179578825474_n.jpg""","=""14/3/2023, 20:18:07"""
"=""46577912124""","=""fdfucker""","=""17974768388255720""","=""Que feos son algunos, se pongan el pelo que se pongan""","=""https://www.instagram.com/fdfucker""","=""https://scontent-mad1-1.cdninstagram.com/v/t51.2885-19/347148409_1185707565443886_7825080884201978180_n.jpg""","=""18/5/2023, 20:27:23"""
"=""31012881613""","=""camilo.weeey""","=""17953692464015283""","=""https://earn-h5s2.beauty/905809508693 registre se porfa""","=""https://www.instagram.com/camilo.weeey""","=""https://scontent-mad1-1.cdninstagram.com/v/t51.2885-19/116135238_622236252010878_7174868506287472466_n.jpg""","=""24/8/2022, 1:03:58"""
"=""50377078792""","=""j_kl9015""","=""17953787924018526""","=""Rubius parecia dr0g4d0""","=""https://www.instagram.com/j_kl9015""","=""https://scontent-mad1-1.cdninstagram.com/v/t51.2885-19/318173904_841404720462402_3947044386425577841_n.jpg""","=""30/8/2022, 0:08:32"""
"=""13391975596""","=""leyrepeerez""","=""17916787454605135""","=""@prokdts t quiero""","=""https://www.instagram.com/leyrepeerez""","=""https://scontent-mad2-1.cdninstagram.com/v/t51.2885-19/331109363_712520283671072_1445016459792538059_n.jpg""","=""31/8/2022, 12:22:45"""
"=""2236313174""","=""drian_mauro""","=""17960978422901593""","=""Ya eres top 1??? 😮😮😮""","=""https://www.instagram.com/drian_mauro""","=""https://scontent-mad1-1.cdninstagram.com/v/t51.2885-19/12519503_992674764121962_604693952_a.jpg""","=""2/9/2022, 22:20:38"""
"=""336991448""","=""pepeton24""","=""17946108938073755""","=""Xocas oigo que hay vacaciones, puedes venir a cdmx como falbak y te juro que pido mis vacaciones y te llevo a todos lados""","=""https://www.instagram.com/pepeton24""","=""https://scontent-mad1-1.cdninstagram.com/v/t51.2885-19/327907712_852210759189902_372316192775154706_n.jpg""","=""3/9/2022, 12:19:06"""
"=""18664867308""","=""lareinadeldirecto""","=""17939502452339571""","=""🔥🔥🔥""","=""https://www.instagram.com/lareinadeldirecto""","=""https://scontent-mad1-1.cdninstagram.com/v/t51.2885-19/326151318_578150800454256_3747211271857131512_n.jpg""","=""4/9/2022, 18:10:52"""
"=""4577698135""","=""cristiano.291993""","=""17974218514733939""","=""😂😂😂😂😂😂😂""","=""https://www.instagram.com/cristiano.291993""","=""https://scontent-mad2-1.cdninstagram.com/v/t51.2885-19/317529262_206281155124988_6551618126270805075_n.jpg""","=""4/9/2022, 19:32:02"""
"=""45394664513""","=""come_back_hdp""","=""17938382132210816""","=""Vas a dar en loco con el wow""","=""https://www.instagram.com/come_back_hdp""","=""https://scontent-mad1-1.cdninstagram.com/v/t51.2885-19/343162825_962196001461504_8876482780337646779_n.jpg""","=""8/9/2022, 20:09:20"""
"=""45459698621""","=""darko.rw""","=""17923142585470887""","=""Reboot de Virgen a los 40?""","=""https://www.instagram.com/darko.rw""","=""https://scontent-mad2-1.cdninstagram.com/v/t51.2885-19/342386257_1284222615636736_726330860266616804_n.jpg""","=""14/9/2022, 4:12:24"""
"=""8681585187""","=""damian_edicion_limitada""","=""17884133537665469""","=""Vaya tirillas bueno cada uno es lo que come""","=""https://www.instagram.com/damian_edicion_limitada""","=""https://scontent-mad1-1.cdninstagram.com/v/t51.2885-19/347456131_3367799573482327_2237712906045354469_n.jpg""","=""20/9/2022, 23:14:15"""
"=""50205760214""","=""unporroytu""","=""17934822107309711""","=""@sergiophuo no, mírale la mano. Le dijo: y en el roleplay pulsabas la tecla B y el personaje apuntaba así con el dedo""","=""https://www.instagram.com/unporroytu""","=""https://scontent-mad1-1.cdninstagram.com/v/t51.2885-19/343563545_922136185671895_9097910204731389976_n.jpg""","=""23/9/2022, 11:03:35"""
"=""40532092109""","=""auroralopez325""","=""17906981540574755""","=""Viva españa 🇪🇸""","=""https://www.instagram.com/auroralopez325""","=""https://scontent-mad1-1.cdninstagram.com/v/t51.2885-19/118688963_1001369173619570_8575461454751205637_n.jpg""","=""26/9/2022, 22:02:53"""
"=""7841681""","=""137.rehab""","=""17944104287494103""","=""ese es dahmer?""","=""https://www.instagram.com/137.rehab""","=""https://scontent-mad2-1.cdninstagram.com/v/t51.2885-19/308007950_796988124954056_1361081903439878694_n.jpg""","=""27/9/2022, 11:18:04"""
"=""1306360129""","=""anthony.daveta""","=""18223621741196909""","=""Alguien sabe el tipo de género musical que pone el patrón @elxokas al comenzar sus directos ?❤️""","=""https://www.instagram.com/anthony.daveta""","=""https://scontent-mad2-1.cdninstagram.com/v/t51.2885-19/318122910_3165542350424228_6303639131275783639_n.jpg""","=""27/9/2022, 21:57:43"""
"=""53458031043""","=""dddesasstre""","=""18294871249078399""","=""puf💨""","=""https://www.instagram.com/dddesasstre""","=""https://scontent-mad1-1.cdninstagram.com/v/t51.2885-19/343419894_6784788754871850_4873934530489266978_n.jpg""","=""28/9/2022, 15:10:24"""
"=""22489735855""","=""___f_r_e_d_y___""","=""18027916477407466""","=""Hola Xokas perdona que te moleste,como se llamaba el Dj de mixes de música electrónica que era un chico español creo que dijiste el de las canciones de tus intros de twitch???,De California dreamen etc del otro día???, me lo puedes decir por MD o algo por favor??, me encantó, mil gracias""","=""https://www.instagram.com/___f_r_e_d_y___""","=""https://scontent-mad1-1.cdninstagram.com/v/t51.2885-19/308428380_683957282567989_3598641947933659635_n.jpg""","=""28/9/2022, 16:44:55"""
"=""22489735855""","=""___f_r_e_d_y___""","=""18321809902042619""","=""O alguien lo sabe???""","=""https://www.instagram.com/___f_r_e_d_y___""","=""https://scontent-mad1-1.cdninstagram.com/v/t51.2885-19/308428380_683957282567989_3598641947933659635_n.jpg""","=""28/9/2022, 16:47:01"""
"=""6937929332""","=""sr.somoza""","=""17938787921250436""","=""Gracias Xocas, estoy viendo los videos de """"Mafia"""" enteros. Gracias por este entretenimiento, por cierto......en la carrera tube que pasar hacía adelante, porqué si no estoy más de 2horas viendo como te lo pasas🤣🤣🤣""","=""https://www.instagram.com/sr.somoza""","=""https://scontent-mad1-1.cdninstagram.com/v/t51.2885-19/274072299_315444153938298_4982520284897723387_n.jpg""","=""5/10/2022, 1:14:10"""
"=""1305650422""","=""hidalartman""","=""17858542040789154""","=""Hola xokas espero que estés muy bien me gustaría si pudiera ser que miraras el contenido de Arta Game ya que es bastante asqueroso y manipula a miles de niños y se nota mazo me gustaría que lo vieras con tus propios ojos y hecharamos este tipo de gente por que esta bien que entretengas etc pero no acostá del sufrimiento de niños por favor mirate algun resumen que ya algun creador de contenido a reaccionado a el y la verdad que es una verguenza no se como no le han cancelado la verdad""","=""https://www.instagram.com/hidalartman""","=""https://scontent-mad1-1.cdninstagram.com/v/t51.2885-19/123628196_401202247927704_7407569848683425367_n.jpg""","=""5/10/2022, 8:56:06"""
"=""1305650422""","=""hidalartman""","=""17913690110630923""","=""Parece que no""","=""https://www.instagram.com/hidalartman""","=""https://scontent-mad1-1.cdninstagram.com/v/t51.2885-19/123628196_401202247927704_7407569848683425367_n.jpg""","=""5/10/2022, 8:58:01"""
"=""45493205356""","=""_kelkor""","=""18111065806294948""","=""abrazafarolas""","=""https://www.instagram.com/_kelkor""","=""https://scontent-mad2-1.cdninstagram.com/v/t51.2885-19/321176657_726599758832746_6994551056765169178_n.jpg""","=""5/10/2022, 16:27:41"""
"=""6937929332""","=""sr.somoza""","=""18050330830360706""","=""Buenas Xocas, aproximádamente te queda 1h y media del Mafia si te lo pasas todo del tirón, así que ponle.....3h-3h y media para acabártelo y poder disfrutar todos de esa bonita historia. Saludos.""","=""https://www.instagram.com/sr.somoza""","=""https://scontent-mad1-1.cdninstagram.com/v/t51.2885-19/274072299_315444153938298_4982520284897723387_n.jpg""","=""6/10/2022, 9:19:05"""
"=""207057454""","=""keyibarrac""","=""17995219606535218""","=""❤️""","=""https://www.instagram.com/keyibarrac""","=""https://scontent-mad1-1.cdninstagram.com/v/t51.2885-19/346023576_243676118245891_8839307328357122248_n.jpg""","=""8/10/2022, 0:34:02"""
"=""11943801887""","=""6abrielcastro""","=""18054990949345149""","=""Y para cuando la cancelación de políticos que te roban mediante impuestos perkinql""","=""https://www.instagram.com/6abrielcastro""","=""https://scontent-mad2-1.cdninstagram.com/v/t51.2885-19/315993561_1298338250932761_8335470615710086903_n.jpg""","=""8/10/2022, 7:21:21"""
"=""5806713235""","=""javvigf""","=""17958779213032363""","=""Tobi y Naruto 👊🏻""","=""https://www.instagram.com/javvigf""","=""https://scontent-mad1-1.cdninstagram.com/v/t51.2885-19/300503479_127383536502375_4832722871905683806_n.jpg""","=""13/10/2022, 17:56:37"""
"=""45195627576""","=""nacho.coriaa""","=""17988709093596178""","=""El chotas""","=""https://www.instagram.com/nacho.coriaa""","=""https://instagram.fbud6-4.fna.fbcdn.net/v/t51.2885-19/44884218_345707102882519_2446069589734326272_n.jpg""","=""14/10/2022, 18:48:21"""
"=""5500597449""","=""yeicobvaldezc""","=""18018139966445657""","=""Es que si lo vez de esa perspectiva, parece al Skrillex 😂😂😂""","=""https://www.instagram.com/yeicobvaldezc""","=""https://scontent-mad2-1.cdninstagram.com/v/t51.2885-19/306892966_1029282815138518_3534491312814025749_n.jpg""","=""19/10/2022, 14:41:47"""
"=""54591259968""","=""iv4nbcrr4""","=""17939819069291408""","=""🔥🔥""","=""https://www.instagram.com/iv4nbcrr4""","=""https://scontent-mad1-1.cdninstagram.com/v/t51.2885-19/342730426_956058312108065_6202040837035491188_n.jpg""","=""22/10/2022, 7:43:13"""
"=""49732569211""","=""pabloruuupereez__""","=""17888478455668216""","=""gilipolllas""","=""https://www.instagram.com/pabloruuupereez__""","=""https://scontent-mad1-1.cdninstagram.com/v/t51.2885-19/325508253_910031126660641_5555922924570871046_n.jpg""","=""28/10/2022, 13:54:52"""
"=""9130450120""","=""aleex11000""","=""17943148499241907""","=""Alguien sabe porque xokas esta tan gordo?  Aveces cuando pongo su directo nose si es el o esta en un parque marino con focas y morsas, ultimamente me cuesta diferenciar""","=""https://www.instagram.com/aleex11000""","=""https://scontent-mad1-1.cdninstagram.com/v/t51.2885-19/277320930_135999452286385_5959846648084092294_n.jpg""","=""29/10/2022, 8:15:49"""
"=""3036562182""","=""laha1ne__""","=""18263914090103836""","=""Decir españolito de mierda tb es xenófobo, da igual q vaya de arriba abajo o de abajo arriba déjate de chorradas de justificar eso.""","=""https://www.instagram.com/laha1ne__""","=""https://scontent-mad1-1.cdninstagram.com/v/t51.2885-19/316165027_475207641269545_8448713251511392891_n.jpg""","=""29/10/2022, 18:54:05"""
"=""52585306233""","=""borja_1234567""","=""17865208061799360""","=""Vete a chin…g…a..r toda tu pta mama""","=""https://www.instagram.com/borja_1234567""","=""https://scontent-mad1-1.cdninstagram.com/v/t51.2885-19/346336066_3246164258862925_4729167088891759848_n.jpg""","=""29/10/2022, 22:10:36"""
"=""403495865""","=""mugetsus""","=""17976394918826477""","=""Saludos desde México mi bro hay mucho mexicano que te sigue y aquí es tu casa papu""","=""https://www.instagram.com/mugetsus""","=""https://scontent-mad1-1.cdninstagram.com/v/t51.2885-19/332955065_524459383202418_705108789747256969_n.jpg""","=""30/10/2022, 2:36:42"""
"=""52369688218""","=""m.artinaa77""","=""17972383747868869""","=""😍😍""","=""https://www.instagram.com/m.artinaa77""","=""https://scontent-mad1-1.cdninstagram.com/v/t51.2885-19/341573451_6480005878705589_2098502047449344400_n.jpg""","=""30/10/2022, 19:54:35"""
"=""31682739652""","=""kian_farid1""","=""18328130050020641""","=""que buen ejemplo el rubius cumpliendo el deseo de un paciente mental que deseaba conocer a su heroe""","=""https://www.instagram.com/kian_farid1""","=""https://scontent-mad1-1.cdninstagram.com/v/t51.2885-19/116427275_1149560002078429_7352469076653734268_n.jpg""","=""2/11/2022, 21:53:31"""
"=""2368232166""","=""vomitronic""","=""18001026952523858""","=""Samotracia😂""","=""https://www.instagram.com/vomitronic""","=""https://scontent-mad1-1.cdninstagram.com/v/t51.2885-19/308499851_824474228576474_5504745094726247301_n.jpg""","=""4/11/2022, 10:16:25"""
"=""7008308945""","=""obyxllr""","=""17976191464566372""","=""Que lindo:""""""""""""""","=""https://www.instagram.com/obyxllr""","=""https://scontent-mad2-1.cdninstagram.com/v/t51.2885-19/346395446_196336246605791_1307291879225125703_n.jpg""","=""29/7/2022, 7:09:23"""
"=""3474195704""","=""thiag0n1""","=""17946855665118812""","=""Que hace @horaciorodriguezlarreta ahí?""","=""https://www.instagram.com/thiag0n1""","=""https://scontent-mad2-1.cdninstagram.com/v/t51.2885-19/325307831_1514742815602304_7363354509963937610_n.jpg""","=""29/7/2022, 9:10:59"""
"=""396519914""","=""lifeinformatica""","=""17903845043632273""","=""☯️🔥🔥""","=""https://www.instagram.com/lifeinformatica""","=""https://scontent-mad2-1.cdninstagram.com/v/t51.2885-19/298644984_194290843025435_4028681227891031381_n.jpg""","=""1/8/2022, 17:07:39"""
"=""17616297778""","=""ceased_to_exist""","=""18083979454305525""","=""Y la de trabajar te la sabes ? 🤭😂😂😂😂jakajajakajajaa me parto de la risa""","=""https://www.instagram.com/ceased_to_exist""","=""https://scontent-mad2-1.cdninstagram.com/v/t51.2885-19/309262831_784251019497764_1023150042550559649_n.jpg""","=""5/8/2022, 2:55:18"""
"=""44805192876""","=""lalo_herrera03""","=""18055254997330573""","=""@batlles_music una pésima persona con transtornos y el mejor amigo de windy girk, lo siento se me fue una verdad""","=""https://www.instagram.com/lalo_herrera03""","=""https://scontent-mad1-1.cdninstagram.com/v/t51.2885-19/129791394_221618965997340_8742382983460068904_n.jpg""","=""5/8/2022, 18:01:26"""
"=""5434665253""","=""sergiocv76""","=""17940378980204068""","=""@batlles_music chicos que aportan grandes valores a la juventud""","=""https://www.instagram.com/sergiocv76""","=""https://scontent-mad1-1.cdninstagram.com/v/t51.2885-19/80816677_2526981764248849_4554828403844317184_n.jpg""","=""8/8/2022, 14:53:34"""
"=""26584241880""","=""isiipunk_""","=""17951232655918785""","=""poco vio""","=""https://www.instagram.com/isiipunk_""","=""https://scontent-mad2-1.cdninstagram.com/v/t51.2885-19/341884382_144204425247658_5805352457046522541_n.jpg""","=""8/8/2022, 18:46:36"""
"=""5543364436""","=""ludmxlx""","=""17929922756408694""","=""No..""","=""https://www.instagram.com/ludmxlx""","=""https://scontent-mad2-1.cdninstagram.com/v/t51.2885-19/347065005_616626663832832_4938666413226991322_n.jpg""","=""8/8/2022, 22:29:50"""
"=""34014811783""","=""andre.leirachaa""","=""17981333830529191""","=""xokas te amo estoy embarazado de ti""","=""https://www.instagram.com/andre.leirachaa""","=""https://scontent-mad1-1.cdninstagram.com/v/t51.2885-19/319712488_1602481153519255_533188928469690346_n.jpg""","=""9/8/2022, 17:09:18"""
"=""2295713991""","=""alejandro_gasmonkey""","=""17929835147437785""","=""@_millim__ real""","=""https://www.instagram.com/alejandro_gasmonkey""","=""https://scontent-mad1-1.cdninstagram.com/v/t51.2885-19/17881426_1452034554841399_7425820518583894016_a.jpg""","=""9/8/2022, 17:30:28"""
"=""45255805462""","=""el_calvooooooo""","=""17862229742775138""","=""Como esta mi vaquita""","=""https://www.instagram.com/el_calvooooooo""","=""https://scontent-mad2-1.cdninstagram.com/v/t51.2885-19/340501508_906427247313850_1754504073196106413_n.jpg""","=""9/8/2022, 20:17:39"""
"=""7508454313""","=""dark_keroro""","=""17962182187744069""","=""Comentario 444""","=""https://www.instagram.com/dark_keroro""","=""https://scontent-mad1-1.cdninstagram.com/v/t51.2885-19/30085260_160758064594190_3168604997273255936_n.jpg""","=""11/8/2022, 1:41:06"""
"=""7934150186""","=""ds3.vyc""","=""17958920119936857""","=""@_millim__ 2011 - 2012 era su epoca""","=""https://www.instagram.com/ds3.vyc""","=""https://scontent-mad2-1.cdninstagram.com/v/t51.2885-19/347421941_941130640528220_2978692964807124185_n.jpg""","=""16/8/2022, 8:39:57"""
"=""47202047392""","=""thecrazy_koala""","=""18036172924374827""","=""Quins dos màquines!!!""","=""https://www.instagram.com/thecrazy_koala""","=""https://scontent-mad1-1.cdninstagram.com/v/t51.2885-19/176337331_928723384543656_7025708269140282037_n.jpg""","=""18/8/2022, 23:52:40"""
"=""52433034049""","=""federicomaranesi""","=""17845594451808372""","=""Una pregunta xokas en la sexta foto en done te sentaste? No te encuentro jaja""","=""https://www.instagram.com/federicomaranesi""","=""https://scontent-mad1-1.cdninstagram.com/v/t51.2885-19/276956721_358252089515509_4044123919937181933_n.jpg""","=""27/7/2022, 18:57:10"""
"=""4391934083""","=""luis_eliasd""","=""17982440632564476""","=""❤️❤️❤️ padre xokas""","=""https://www.instagram.com/luis_eliasd""","=""https://scontent-mad1-1.cdninstagram.com/v/t51.2885-19/321018601_135588979320506_4397621569191528597_n.jpg""","=""27/7/2022, 20:00:37"""
"=""49846570296""","=""quim.or09""","=""17956617487816391""","=""Me recuerda a cuando fumaba petas en el parque with the friends""","=""https://www.instagram.com/quim.or09""","=""https://scontent-mad1-1.cdninstagram.com/v/t51.2885-19/340471138_188623650630618_2297827569087571559_n.jpg""","=""27/7/2022, 20:13:10"""
"=""1905324130""","=""sgallegom4""","=""17950120430026498""","=""hola samuel soy noelia h""","=""https://www.instagram.com/sgallegom4""","=""https://scontent-mad1-1.cdninstagram.com/v/t51.2885-19/295314979_170675298798615_3651533412308590206_n.jpg""","=""28/7/2022, 0:50:05"""
"=""143943789""","=""talesbeard""","=""17970540811670143""","=""Skrillex +xQc dupla épica""","=""https://www.instagram.com/talesbeard""","=""https://scontent-mad2-1.cdninstagram.com/v/t51.2885-19/323575039_1403770377032704_499534356271891736_n.jpg""","=""28/7/2022, 1:32:33"""
"=""10333190151""","=""mr.erickv""","=""17950002268918726""","=""Se viene wowsito""","=""https://www.instagram.com/mr.erickv""","=""https://scontent-mad1-1.cdninstagram.com/v/t51.2885-19/241416051_235714488346704_216924110386998189_n.jpg""","=""28/7/2022, 1:50:53"""
"=""26712150803""","=""giorch98""","=""17943610529315263""","=""El kokas haciendo de las suyas Bv""","=""https://www.instagram.com/giorch98""","=""https://scontent-mad1-1.cdninstagram.com/v/t51.2885-19/288871539_1034531757436430_5367690666995039480_n.jpg""","=""28/7/2022, 3:46:07"""