{"chunk_definitions":[{"row":23,"row_count":1,"visible":true,"expansion_state":0,"options":{"engine":"r","include":true,"label":"unnamed-chunk-13"},"document_id":"368598AB","chunk_id":"cid6b8bj4k8sf","chunk_label":"unnamed-chunk-2"},{"row":35,"row_count":1,"visible":true,"expansion_state":0,"options":{"engine":"r","include":true,"label":"unnamed-chunk-146"},"document_id":"368598AB","chunk_id":"chg9gc1iql0n2","chunk_label":"unnamed-chunk-3"},{"row":49,"row_count":1,"visible":true,"expansion_state":0,"options":{"engine":"r","label":"unnamed-chunk-64"},"document_id":"368598AB","chunk_id":"cy7ex802qo6nj","chunk_label":"unnamed-chunk-4"},{"row":61,"row_count":1,"visible":true,"expansion_state":0,"options":{"engine":"r","label":"unnamed-chunk-144"},"document_id":"368598AB","chunk_id":"crsl5tkdivfn6","chunk_label":"unnamed-chunk-5"},{"row":68,"row_count":1,"visible":true,"expansion_state":0,"options":{"engine":"r","include":true,"label":"unnamed-chunk-140"},"document_id":"368598AB","chunk_id":"crg6eg5ozt13d","chunk_label":"unnamed-chunk-6"},{"row":77,"row_count":1,"visible":true,"expansion_state":0,"options":{"engine":"r","include":true,"label":"unnamed-chunk-142"},"document_id":"368598AB","chunk_id":"cdoeugvvds45p","chunk_label":"unnamed-chunk-7"}],"doc_write_time":1681731141,"chunk_rendered_width":700}