"0","##Trabajo soñado"
"0","soet2_clean$trabajo_soñado <- cambio(soet2_clean$trabajo_soñado, c(""Medical""), ""Medicine"")"
"0",""
"0","##Skills"
"0","soet2_clean$skills <-  cambio(soet2_clean$skills,c(""Excel;"", ""Excel;Other""), ""Excel"")"
"0","soet2_clean$skills <-  cambio(soet2_clean$skills,c(""Excel;Python;Other""), ""Excel;Python"")"
"0","soet2_clean$skills <-  cambio(soet2_clean$skills,c(""Excel;Python;Sql;Other""), ""Excel;Python;Sql"")"
"0","soet2_clean$skills <-  cambio(soet2_clean$skills,c(""Excel;Python;Sql;Other;Saas, ML""), ""Excel;Python;Sql;Saas, ML"")"
"0","soet2_clean$skills <-  cambio(soet2_clean$skills,c(""Excel;Sql;Other;Powerbi""), ""Excel;Sql;Powerbi"")"
"0","soet2_clean$skills <-  cambio(soet2_clean$skills,c(""Other;C,c++, electronics, embedded systems, embedded c,""), ""C,c++, electronics, embedded systems, embedded c"")"
"0","soet2_clean$skills <-  cambio(soet2_clean$skills,c(""Other;Design, editing""), ""Design, editing"")"
"0","soet2_clean$skills <-  cambio(soet2_clean$skills,c(""Python;Other""), ""Python"")"
"0","soet2_clean$skills <-  cambio(soet2_clean$skills,c(""Python;Sql;Other""  ), ""Python,Sql"")"
"0",""
"0","##Donde_busco_trabajo"
"0","soet2_clean$donde_buscas_trabajo <-"
"0","  cambio(soet2_clean$donde_buscas_trabajo,c(""Linkedin;""),""Linkedin"")"
"0","soet2_clean$donde_buscas_trabajo <- "
"0","  cambio(soet2_clean$donde_buscas_trabajo,c(""Naukri;Linkedin;"" ),""Naukri;Linkedin"" )"
"0","soet2_clean$donde_buscas_trabajo <- "
"0","  cambio(soet2_clean$donde_buscas_trabajo,c(""Naukri;Linkedin;Indeed;"" ),""Naukri;Linkedin;Indeed"" )"
"0","soet2_clean$donde_buscas_trabajo <- "
"0","  cambio(soet2_clean$donde_buscas_trabajo,c(""Naukri;Linkedin;Indeed;Instagram, Facebook"" ),""Naukri;Linkedin;Indeed;Instagram;Facebook"" )"
"0","soet2_clean$donde_buscas_trabajo <- "
"0","  cambio(soet2_clean$donde_buscas_trabajo,c(""Naukri;Linkedin;Indeed;Monster;"" ),""Naukri;Linkedin;Indeed;Monster"" )"
"0",""
"0","#compañia_soñada"
"0","soet2_clean$compañia_soñada <- cambio(soet2_clean$compañia_soñada,"
"0","       c(""multinational companies"",""Multinationals""),"
"0","       ""MNC"")"
"0",""
"0",""
"0","soet2_clean_sin_binarizar <- soet2_clean"
