{"chunk_definitions":[{"row":31,"row_count":1,"visible":true,"expansion_state":0,"options":{"engine":"r","include":false,"label":"unnamed-chunk-2"},"document_id":"F042544A","chunk_id":"cxzhh1qtdttwf","chunk_label":"unnamed-chunk-2"},{"row":35,"row_count":1,"visible":true,"expansion_state":0,"options":{"engine":"r","include":false,"label":"unnamed-chunk-3"},"document_id":"F042544A","chunk_id":"c02664b3ut8jw","chunk_label":"unnamed-chunk-3"},{"row":39,"row_count":1,"visible":true,"expansion_state":0,"options":{"engine":"r","include":true,"label":"unnamed-chunk-10"},"document_id":"F042544A","chunk_id":"crm0jso1d0qbv","chunk_label":"unnamed-chunk-4"},{"row":54,"row_count":1,"visible":true,"expansion_state":0,"options":{"engine":"r","include":true,"label":"unnamed-chunk-6"},"document_id":"F042544A","chunk_id":"ck67ijp4o0voo","chunk_label":"unnamed-chunk-6"},{"row":84,"row_count":1,"visible":true,"expansion_state":0,"options":{"engine":"r","include":true,"label":"unnamed-chunk-7"},"document_id":"F042544A","chunk_id":"cb2ycjlnp67yp","chunk_label":"unnamed-chunk-7"}],"doc_write_time":1681636300}