{"chunk_definitions":[{"row":30,"row_count":1,"visible":true,"expansion_state":0,"options":{"engine":"r","include":false,"label":"unnamed-chunk-5"},"document_id":"F042544A","chunk_id":"cxzhh1qtdttwf","chunk_label":"unnamed-chunk-2"},{"row":34,"row_count":1,"visible":true,"expansion_state":0,"options":{"engine":"r","include":false,"label":"unnamed-chunk-6"},"document_id":"F042544A","chunk_id":"c02664b3ut8jw","chunk_label":"unnamed-chunk-3"},{"row":38,"row_count":1,"visible":true,"expansion_state":0,"options":{"engine":"r","include":true,"label":"unnamed-chunk-8"},"document_id":"F042544A","chunk_id":"crm0jso1d0qbv","chunk_label":"unnamed-chunk-4"},{"row":48,"row_count":1,"visible":true,"expansion_state":0,"options":{"engine":"r","include":true,"label":"unnamed-chunk-9"},"document_id":"F042544A","chunk_id":"ck67ijp4o0voo","chunk_label":"unnamed-chunk-5"},{"row":78,"row_count":1,"visible":true,"expansion_state":0,"options":{"engine":"r","include":true,"label":"unnamed-chunk-10"},"document_id":"F042544A","chunk_id":"ch6dziobpnjvx","chunk_label":"unnamed-chunk-6"}],"doc_write_time":1681723087}