{"chunk_definitions":[{"row":20,"row_count":1,"visible":true,"expansion_state":0,"options":{"engine":"r","echo":true,"warning":false,"label":"unnamed-chunk-45"},"document_id":"B05AE8FE","chunk_id":"ch1lk9rlbi6nj","chunk_label":"unnamed-chunk-1"},{"row":23,"row_count":1,"visible":true,"expansion_state":0,"options":{"engine":"r","include":false,"label":"unnamed-chunk-46"},"document_id":"B05AE8FE","chunk_id":"c8sy0pj0e301z","chunk_label":"unnamed-chunk-2"},{"row":30,"row_count":1,"visible":true,"expansion_state":0,"options":{"engine":"r","label":"unnamed-chunk-47"},"document_id":"1691C524","chunk_id":"cr5i1thqq2zm5","chunk_label":"unnamed-chunk-3"},{"row":46,"row_count":1,"visible":true,"expansion_state":0,"options":{"engine":"r","warning":false,"label":"unnamed-chunk-51"},"document_id":"B05AE8FE","chunk_id":"cr9ill334qykt","chunk_label":"unnamed-chunk-4"},{"row":51,"row_count":1,"visible":true,"expansion_state":0,"options":{"engine":"r","include":true,"label":"unnamed-chunk-15"},"document_id":"B05AE8FE","chunk_id":"c84d132dxz1xb","chunk_label":"unnamed-chunk-5"},{"row":60,"row_count":1,"visible":true,"expansion_state":0,"options":{"engine":"r","include":true,"label":"unnamed-chunk-51"},"document_id":"B05AE8FE","chunk_id":"cvb6gsip4drli","chunk_label":"unnamed-chunk-6"},{"row":75,"row_count":1,"visible":true,"expansion_state":0,"options":{"engine":"r","include":true,"label":"unnamed-chunk-52"},"document_id":"B05AE8FE","chunk_id":"chivh9ok8bh5b","chunk_label":"unnamed-chunk-7"},{"row":92,"row_count":1,"visible":true,"expansion_state":0,"options":{"engine":"r","include":true,"label":"unnamed-chunk-53"},"document_id":"B05AE8FE","chunk_id":"cd7o0z0zmz2uj","chunk_label":"unnamed-chunk-8"},{"row":98,"row_count":1,"visible":true,"expansion_state":0,"options":{"engine":"r","include":true,"label":"unnamed-chunk-60"},"document_id":"B05AE8FE","chunk_id":"cqd29bskr1qdb","chunk_label":"unnamed-chunk-9"}],"doc_write_time":1682672147}