{"chunk_definitions":[{"row":12,"row_count":1,"visible":true,"expansion_state":0,"options":{"engine":"r","include":false,"label":"unnamed-chunk-13"},"document_id":"CEEC0C63","chunk_id":"ccsir4c9ntjm1","chunk_label":"unnamed-chunk-2"},{"row":23,"row_count":1,"visible":true,"expansion_state":0,"options":{"engine":"r","label":"unnamed-chunk-121"},"document_id":"CEEC0C63","chunk_id":"cvvz7ucj5599y","chunk_label":"unnamed-chunk-3"},{"row":28,"row_count":1,"visible":true,"expansion_state":0,"options":{"engine":"r","include":true,"label":"unnamed-chunk-122"},"document_id":"CEEC0C63","chunk_id":"ckz7emp3je8k5","chunk_label":"unnamed-chunk-4"}],"doc_write_time":1681818978}