"0","soet2_clean <- soet2_clean %>% rename(edad = `Age group`,"
"0","                       casado = `Marital status`,"
"0","                       experiencia = `Work experience`,"
"0","                       educacion = `Educational Qualification`,"
"0","                       estudiante = `Are you still studying?`,"
"0","                       titulo_es_importante = `Do you believe degree is a must for job?`,"
"0","                       trabajo_soñado = `Interested area of work`,"
"0","                       con_empleo = `Currently employed`,"
"0","                       año_sabatico= `Did you have a career break?`,"
"0","                       cambio_de_carrera = `Did you switch your career?`,"
"0","                       motivo_cambio = `Reason for shift in career?`,"
"0","                       buscando_trabajo = `Are you actively applying for job?`,"
"0","                       skills = `Skills that you are confident`,"
"0","                       preferencia_sector_trabajo = `Job preference`,"
"0","                       trabajo_independiente = `Have you carried out any independent works or projects?`,"
"0","                       donde_buscas_trabajo = `Where do you search for Job?`,"
"0","                       ofertas_de_trabajo = `Are you receiving response from recruiter after applying?`,"
"0","                       freelance = `Are you interested in Freelancing?`,"
"0","                       compañia_soñada = `Dream company type?`,"
"0","                       preferencia_tipo_trabajo = `Preference of work`,"
"0","                       problemas_encontrar_trabajo = `What are the problems faced while job search?`)"
"0",""
"0",""
"0",""
