"0","soet2 <- read_csv(""Survey on Employment Trends  2.csv"")"
"2","New names:"
"2","[1mRows: [22m[34m95[39m [1mColumns: [22m[34m26[39m"
"2","[36m──[39m [1mColumn specification[22m [36m───────────────────────────────────────────────────────────────────────────────────[39m
[1mDelimiter:[22m "",""
[31mchr[39m (26): Timestamp, Name, Age group, Gender, Where are you from?, Marital status, Work experience, Edu..."
"2","
[36mℹ[39m Use `spec()` to retrieve the full column specification for this data.
[36mℹ[39m Specify the column types or set `show_col_types = FALSE` to quiet this message."
"0","soet2 <- na.omit(soet2)"
