"0","##Con el atributo con_empleo_Yes"
"0",""
"0","ant_sin_empleo <- fc$implications$filter(not_lhs = ""con_empleo_Yes"")"
"0",""
"0","#Las seis primeras reglas"
"0","cat(""Las primeras seis sin con_empleo_Yes en el antecedente"")"
"1","Las primeras seis sin con_empleo_Yes en el antecedente"
"0","head(ant_sin_empleo,6)"
"1","Implication set with"
"1"," "
"1","6"
"1"," "
"1","implications.
"
"1","Rule 1: {problemas_encontrar_trabajo_Still not looking for jobs actively} -> {donde_buscas_trabajo_Naukri,
  compañia_soñada_Startup, skills_Dotnet, skills_Angular, educacion_BE, trabajo_soñado_Front end
  development, buscando_trabajo_Casually}"
"1","
"
"1","Rule 2: {problemas_encontrar_trabajo_Low salary scale} -> {compañia_soñada_Both, skills_Design,
  skills_editing, donde_buscas_trabajo_Instagram, donde_buscas_trabajo_Facebook, educacion_Diploma in
  multimedia & bba (distance education third year), buscando_trabajo_Yes, ofertas_de_trabajo_Yes}"
"1","
"
"1","Rule 3: {problemas_encontrar_trabajo_Lack of experience;No response from recruiter} ->
  {donde_buscas_trabajo_Linkedin, casado_Single}"
"1","
"
"1","Rule 4: {problemas_encontrar_trabajo_I haven't applied for any.} -> {skills_Other, educacion_Btech,
  trabajo_soñado_Construction field, freelance_Maybe, preferencia_tipo_trabajo_Onsite}"
"1","
"
"1","Rule 5: {problemas_encontrar_trabajo_Good oppurtunities} -> {skills_Sql, Gender_Male, experiencia_3+ years,
  educacion_Btech, ofertas_de_trabajo_Yes}"
"1","
"
"1","Rule 6: {preferencia_tipo_trabajo_Onsite} -> {casado_Single}"
"1","
"
"0","cons_sin_empleo <- fc$implications$filter(not_rhs = ""con_empleo_Yes"")"
"0",""
"0","#Las seis primeras reglas"
"0","cat(""Las primeras seis sin con_empleo_Yes en el consecuente"")"
"1","Las primeras seis sin con_empleo_Yes en el consecuente"
"0","head(cons_sin_empleo,6)"
"1","Implication set with"
"1"," "
"1","6"
"1"," "
"1","implications.
"
"1","Rule 1: {problemas_encontrar_trabajo_Still not looking for jobs actively} -> {donde_buscas_trabajo_Naukri,
  compañia_soñada_Startup, skills_Dotnet, skills_Angular, educacion_BE, trabajo_soñado_Front end
  development, buscando_trabajo_Casually}"
"1","
"
"1","Rule 2: {problemas_encontrar_trabajo_Low salary scale} -> {compañia_soñada_Both, skills_Design,
  skills_editing, donde_buscas_trabajo_Instagram, donde_buscas_trabajo_Facebook, educacion_Diploma in
  multimedia & bba (distance education third year), buscando_trabajo_Yes, ofertas_de_trabajo_Yes}"
"1","
"
"1","Rule 3: {problemas_encontrar_trabajo_Lack of experience;No response from recruiter} ->
  {donde_buscas_trabajo_Linkedin, casado_Single}"
"1","
"
"1","Rule 4: {problemas_encontrar_trabajo_I haven't applied for any.} -> {skills_Other, educacion_Btech,
  trabajo_soñado_Construction field, freelance_Maybe, preferencia_tipo_trabajo_Onsite}"
"1","
"
"1","Rule 5: {problemas_encontrar_trabajo_Good oppurtunities} -> {skills_Sql, Gender_Male, experiencia_3+ years,
  educacion_Btech, ofertas_de_trabajo_Yes}"
"1","
"
"1","Rule 6: {preferencia_tipo_trabajo_Onsite} -> {casado_Single}"
"1","
"
