{"chunk_definitions":[{"row":35,"row_count":1,"visible":true,"expansion_state":0,"options":{"engine":"r","include":false,"label":"unnamed-chunk-11"},"document_id":"F042544A","chunk_id":"c02664b3ut8jw","chunk_label":"unnamed-chunk-3"},{"row":39,"row_count":1,"visible":true,"expansion_state":0,"options":{"engine":"r","include":true,"label":"unnamed-chunk-10"},"document_id":"F042544A","chunk_id":"crm0jso1d0qbv","chunk_label":"unnamed-chunk-4"},{"row":45,"row_count":1,"visible":true,"expansion_state":0,"options":{"engine":"r","include":true,"label":"unnamed-chunk-13"},"document_id":"F042544A","chunk_id":"c8lkkgw6xrpm8","chunk_label":"unnamed-chunk-5"}],"doc_write_time":1681575657,"working_dir":null,"default_chunk_options":{}}