{"chunk_definitions":[{"row":18,"row_count":1,"visible":true,"expansion_state":0,"options":{"engine":"r","echo":true,"warning":false,"label":"unnamed-chunk-93"},"document_id":"B05AE8FE","chunk_id":"ch1lk9rlbi6nj","chunk_label":"unnamed-chunk-1"},{"row":25,"row_count":1,"visible":true,"expansion_state":0,"options":{"engine":"r","label":"unnamed-chunk-95"},"document_id":"1691C524","chunk_id":"cfrx043twtrtj","chunk_label":"unnamed-chunk-2"},{"row":37,"row_count":1,"visible":true,"expansion_state":0,"options":{"engine":"r","warning":false,"label":"unnamed-chunk-99"},"document_id":"B05AE8FE","chunk_id":"cr9ill334qykt","chunk_label":"unnamed-chunk-3"},{"row":42,"row_count":1,"visible":true,"expansion_state":0,"options":{"engine":"r","include":true,"label":"unnamed-chunk-100"},"document_id":"B05AE8FE","chunk_id":"c84d132dxz1xb","chunk_label":"unnamed-chunk-4"},{"row":51,"row_count":1,"visible":true,"expansion_state":0,"options":{"engine":"r","include":true,"label":"unnamed-chunk-101"},"document_id":"B05AE8FE","chunk_id":"cvb6gsip4drli","chunk_label":"unnamed-chunk-5"},{"row":66,"row_count":1,"visible":true,"expansion_state":0,"options":{"engine":"r","include":true,"label":"unnamed-chunk-102"},"document_id":"B05AE8FE","chunk_id":"chivh9ok8bh5b","chunk_label":"unnamed-chunk-6"},{"row":83,"row_count":1,"visible":true,"expansion_state":0,"options":{"engine":"r","include":true,"label":"unnamed-chunk-104"},"document_id":"B05AE8FE","chunk_id":"cd7o0z0zmz2uj","chunk_label":"unnamed-chunk-7"},{"row":89,"row_count":1,"visible":true,"expansion_state":0,"options":{"engine":"r","include":true,"label":"unnamed-chunk-106"},"document_id":"B05AE8FE","chunk_id":"cqd29bskr1qdb","chunk_label":"unnamed-chunk-8"}],"doc_write_time":1682760388}