{"chunk_definitions":[{"row":6,"row_count":1,"visible":true,"expansion_state":0,"options":{"engine":"r","echo":true,"label":"unnamed-chunk-177"},"document_id":"710625C0","chunk_id":"c42ccks6rkf3s","chunk_label":"unnamed-chunk-1"},{"row":23,"row_count":1,"visible":true,"expansion_state":0,"options":{"engine":"r","include":true,"label":"unnamed-chunk-116"},"document_id":"368598AB","chunk_id":"cid6b8bj4k8sf","chunk_label":"unnamed-chunk-2"},{"row":35,"row_count":1,"visible":true,"expansion_state":0,"options":{"engine":"r","include":true,"label":"unnamed-chunk-117"},"document_id":"368598AB","chunk_id":"chg9gc1iql0n2","chunk_label":"unnamed-chunk-3"},{"row":49,"row_count":1,"visible":true,"expansion_state":0,"options":{"engine":"r","label":"unnamed-chunk-118"},"document_id":"368598AB","chunk_id":"cy7ex802qo6nj","chunk_label":"unnamed-chunk-4"},{"row":59,"row_count":1,"visible":true,"expansion_state":0,"options":{"engine":"r","include":false,"label":"unnamed-chunk-119"},"document_id":"368598AB","chunk_id":"crsl5tkdivfn6","chunk_label":"unnamed-chunk-5"},{"row":66,"row_count":1,"visible":true,"expansion_state":0,"options":{"engine":"r","include":true,"label":"unnamed-chunk-120"},"document_id":"368598AB","chunk_id":"crg6eg5ozt13d","chunk_label":"unnamed-chunk-6"},{"row":75,"row_count":1,"visible":true,"expansion_state":0,"options":{"engine":"r","include":true,"label":"unnamed-chunk-121"},"document_id":"368598AB","chunk_id":"cdoeugvvds45p","chunk_label":"unnamed-chunk-7"}],"doc_write_time":1682500556}