"0","eval <- eval <- read_csv(""~/R/Estadistica/Trabajos/eval.csv"", "
"0","    col_types = cols(sexo = col_factor(levels = c(""M"",""V"")),"
"0","                     dietaEsp = col_factor(levels = c(""S"",""N"")),"
"0","                     nivEstPad = col_factor(levels = c(""0"",""1"", ""2"", ""3"", ""4"")),"
"0","                     nivEstudios = col_factor(levels = c(""0"",""1"", ""2"", ""3"", ""4"")),"
"0","                     nivIngresos = col_factor(levels = c(""0"",""1"", ""2"", ""3"", ""4""))))"
"0",""
"0","head(eval,10)"
