"0","##Binarizamos las que no estan binarizadas"
"0","columnas <- colnames(soet2_fca[1:15])"
"0",""
"0",""
"0","#Este comando no elimina las variables que se han binarizadas así que se tendrán que eliminar manualmente."
"0","soet2_bin <- dummy_cols(soet2_fca, columnas) %>% "
"0","  select(-columnas) "
"0",""
"0","##Aquellas que sean una variable en estado No las eliminamos"
"0","c <- colnames(soet2_bin)"
"0",""
"0","##El comando `grepl` es usado para saber si una cadena x pertenece o no como subcadena de otra y"
"0","soet2_bin <- soet2_bin %>% select(-which(grepl(""_No"", c)))"
"0","dim(soet2_bin)  "
"1","[1]"
"1","  76"
"1"," 129"
"1","
"
