"0","##Con el atributo edad_<25"
"0","ant_menor <- fc$implications$filter(lhs = ""edad_<25"")"
"0",""
"0","#Las seis primeras reglas"
"0","cat(""Las primeras seis con edad_<25 en el antecedente"")"
"1","Las primeras seis con edad_<25 en el antecedente"
"0","head(ant_menor,6)"
"1","Implication set with"
"1"," "
"1","6"
"1"," "
"1","implications.
"
"1","Rule 1: {edad_<25, preferencia_tipo_trabajo_Work from home} -> {casado_Single}"
"1","
"
"1","Rule 2: {edad_<25, freelance_Yes, problemas_encontrar_trabajo_Lack of experience} -> {casado_Single}"
"1","
"
"1","Rule 3: {edad_<25, ofertas_de_trabajo_Yes, problemas_encontrar_trabajo_Lack of experience} ->
  {casado_Single}"
"1","
"
"1","Rule 4: {edad_<25, ofertas_de_trabajo_Yes, preferencia_tipo_trabajo_Hybrid} ->
  {preferencia_sector_trabajo_Private, freelance_Yes}"
"1","
"
"1","Rule 5: {edad_<25, ofertas_de_trabajo_Maybe, problemas_encontrar_trabajo_Lack of experience} ->
  {preferencia_sector_trabajo_Private}"
"1","
"
"1","Rule 6: {edad_<25, trabajo_independiente_Yes} -> {casado_Single}"
"1","
"
"0","cons_menor <- fc$implications$filter(rhs = ""edad_<25"")"
"0",""
"0","#Las seis primeras reglas"
"0","cat(""Las primeras seis con edad_<25 en el consecuente"")"
"1","Las primeras seis con edad_<25 en el consecuente"
"0","head(cons_menor,6)"
"1","Implication set with"
"1"," "
"1","6"
"1"," "
"1","implications.
"
"1","Rule 1: {ofertas_de_trabajo_Maybe, freelance_Maybe} -> {edad_<25}"
"1","
"
"1","Rule 2: {motivo_cambio_Better job opportunity, freelance_Maybe} -> {skills_Python, edad_<25}"
"1","
"
"1","Rule 3: {trabajo_soñado_Mechanical Design} -> {skills_CREO Design Software,
  preferencia_sector_trabajo_Business, edad_<25, Gender_Male, educacion_Btech, con_empleo_Yes,
  preferencia_tipo_trabajo_Hybrid}"
"1","
"
"1","Rule 4: {educacion_Bvoc in software development} -> {edad_<25, experiencia_Fresher, estudiante_Yes}"
"1","
"
"1","Rule 5: {educacion_BE} -> {skills_Sql, edad_<25, Gender_Female, ofertas_de_trabajo_Maybe,
  preferencia_tipo_trabajo_Work from home}"
"1","
"
"1","Rule 6: {educacion_Bcom} -> {preferencia_sector_trabajo_Private, edad_<25}"
"1","
"
