{"chunk_definitions":[{"row":26,"row_count":1,"visible":true,"expansion_state":0,"options":{"engine":"---","label":"unnamed-chunk-115"},"document_id":"318D9207","chunk_id":"ckvowyatchpld","chunk_label":"unnamed-chunk-2"},{"row":30,"row_count":1,"visible":true,"expansion_state":0,"options":{"engine":"r","include":false,"label":"unnamed-chunk-116"},"document_id":"F042544A","chunk_id":"cxzhh1qtdttwf","chunk_label":"unnamed-chunk-2"},{"row":35,"row_count":1,"visible":true,"expansion_state":0,"options":{"engine":"r","include":false,"label":"unnamed-chunk-117"},"document_id":"F042544A","chunk_id":"c02664b3ut8jw","chunk_label":"unnamed-chunk-3"},{"row":39,"row_count":1,"visible":true,"expansion_state":0,"options":{"engine":"r","include":true,"label":"unnamed-chunk-118"},"document_id":"F042544A","chunk_id":"crm0jso1d0qbv","chunk_label":"unnamed-chunk-4"},{"row":52,"row_count":1,"visible":true,"expansion_state":0,"options":{"engine":"r","include":true,"label":"unnamed-chunk-119"},"document_id":"F042544A","chunk_id":"ck67ijp4o0voo","chunk_label":"unnamed-chunk-5"},{"row":82,"row_count":1,"visible":true,"expansion_state":0,"options":{"engine":"r","include":true,"label":"unnamed-chunk-120"},"document_id":"13D222C9","chunk_id":"clf805x9u2y1f","chunk_label":"unnamed-chunk-6"},{"row":92,"row_count":1,"visible":true,"expansion_state":0,"options":{"engine":"r","include":true,"label":"unnamed-chunk-121"},"document_id":"13D222C9","chunk_id":"cbe2upolggfp1","chunk_label":"unnamed-chunk-7"},{"row":103,"row_count":1,"visible":true,"expansion_state":0,"options":{"engine":"r","include":true,"label":"unnamed-chunk-122"},"document_id":"13D222C9","chunk_id":"cycukhtkynuel","chunk_label":"unnamed-chunk-8"},{"row":159,"row_count":1,"visible":true,"expansion_state":0,"options":{"engine":"r","include":true,"label":"unnamed-chunk-123"},"document_id":"F042544A","chunk_id":"clh4lgomy21y1","chunk_label":"unnamed-chunk-9"}],"doc_write_time":1682420342}