{"chunk_definitions":[{"row":14,"row_count":1,"visible":true,"expansion_state":0,"options":{"engine":"r","eval":false,"label":"unnamed-chunk-196"},"document_id":"129A47F7","chunk_id":"colxu7y34qwu9","chunk_label":"unnamed-chunk-1"},{"row":25,"row_count":1,"visible":true,"expansion_state":0,"options":{"engine":"r","include":true,"warning":false,"label":"unnamed-chunk-75"},"document_id":"129A47F7","chunk_id":"cv35qxy6nzavp","chunk_label":"unnamed-chunk-2"},{"row":31,"row_count":1,"visible":true,"expansion_state":0,"options":{"engine":"r","include":true,"warning":false,"label":"unnamed-chunk-76"},"document_id":"129A47F7","chunk_id":"chrb8t7krp4t3","chunk_label":"unnamed-chunk-3"},{"row":37,"row_count":1,"visible":true,"expansion_state":0,"options":{"engine":"r","label":"unnamed-chunk-77"},"document_id":"129A47F7","chunk_id":"cqrhic94s1vdp","chunk_label":"unnamed-chunk-4"},{"row":47,"row_count":1,"visible":true,"expansion_state":0,"options":{"engine":"r","include":true,"label":"unnamed-chunk-78"},"document_id":"129A47F7","chunk_id":"cf2f9kocnunm8","chunk_label":"unnamed-chunk-5"},{"row":57,"row_count":1,"visible":true,"expansion_state":0,"options":{"engine":"r","include":true,"label":"unnamed-chunk-79"},"document_id":"129A47F7","chunk_id":"cw239yawizijx","chunk_label":"unnamed-chunk-6"},{"row":63,"row_count":1,"visible":true,"expansion_state":0,"options":{"engine":"r","label":"unnamed-chunk-80"},"document_id":"BBCC3DA1","chunk_id":"c1jfjtrq0laur","chunk_label":"unnamed-chunk-7"},{"row":69,"row_count":1,"visible":true,"expansion_state":0,"options":{"engine":"r","label":"unnamed-chunk-81"},"document_id":"129A47F7","chunk_id":"c123agah5qtwj","chunk_label":"unnamed-chunk-8"}],"doc_write_time":1683470912}