{"chunk_definitions":[{"row":11,"row_count":1,"visible":true,"expansion_state":0,"options":{"engine":"r","label":"setup","include":false},"document_id":"ED0BC64D","chunk_id":"csetup_chunk","chunk_label":"setup"},{"row":25,"row_count":1,"visible":true,"expansion_state":0,"options":{"engine":"r","include":false,"label":"unnamed-chunk-90"},"document_id":"ED0BC64D","chunk_id":"cun54zu2dt8ne","chunk_label":"unnamed-chunk-1"},{"row":29,"row_count":1,"visible":true,"expansion_state":0,"options":{"engine":"r","echo":true,"label":"unnamed-chunk-91"},"document_id":"ED0BC64D","chunk_id":"c6o5x0idl00f0","chunk_label":"unnamed-chunk-2"},{"row":42,"row_count":1,"visible":true,"expansion_state":0,"options":{"engine":"r","include":true,"label":"unnamed-chunk-92"},"document_id":"ED0BC64D","chunk_id":"c131fj2c56sfh","chunk_label":"unnamed-chunk-3"},{"row":60,"row_count":1,"visible":true,"expansion_state":0,"options":{"engine":"r","label":"unnamed-chunk-93"},"document_id":"ED0BC64D","chunk_id":"ci6qjlftce0j9","chunk_label":"unnamed-chunk-4"},{"row":70,"row_count":1,"visible":true,"expansion_state":0,"options":{"engine":"r","label":"unnamed-chunk-94"},"document_id":"ED0BC64D","chunk_id":"cykz5q2xfy3cx","chunk_label":"unnamed-chunk-5"},{"row":82,"row_count":1,"visible":true,"expansion_state":0,"options":{"engine":"r","label":"unnamed-chunk-95"},"document_id":"ED0BC64D","chunk_id":"c2z33nsfrlm4g","chunk_label":"unnamed-chunk-6"},{"row":89,"row_count":1,"visible":true,"expansion_state":0,"options":{"engine":"r","label":"unnamed-chunk-96"},"document_id":"ED0BC64D","chunk_id":"cnyvdm95kwix8","chunk_label":"unnamed-chunk-7"},{"row":100,"row_count":1,"visible":true,"expansion_state":0,"options":{"engine":"r","label":"unnamed-chunk-97"},"document_id":"ED0BC64D","chunk_id":"cvsnala09xmft","chunk_label":"unnamed-chunk-8"},{"row":114,"row_count":1,"visible":true,"expansion_state":0,"options":{"engine":"r","label":"unnamed-chunk-98"},"document_id":"ED0BC64D","chunk_id":"cdg481af14mwz","chunk_label":"unnamed-chunk-9"},{"row":122,"row_count":1,"visible":true,"expansion_state":0,"options":{"engine":"r","label":"unnamed-chunk-99"},"document_id":"ED0BC64D","chunk_id":"cacqw0vzqtnqg","chunk_label":"unnamed-chunk-10"},{"row":135,"row_count":1,"visible":true,"expansion_state":0,"options":{"engine":"r","label":"unnamed-chunk-100"},"document_id":"ED0BC64D","chunk_id":"czdf6bhq25n0t","chunk_label":"unnamed-chunk-11"},{"row":147,"row_count":1,"visible":true,"expansion_state":0,"options":{"engine":"r","label":"unnamed-chunk-101"},"document_id":"ED0BC64D","chunk_id":"c4zlr0j8b7nnl","chunk_label":"unnamed-chunk-12"},{"row":158,"row_count":1,"visible":true,"expansion_state":0,"options":{"engine":"r","label":"unnamed-chunk-102"},"document_id":"ED0BC64D","chunk_id":"c1f2wreys90ea","chunk_label":"unnamed-chunk-13"},{"row":187,"row_count":1,"visible":true,"expansion_state":0,"options":{"engine":"r","label":"unnamed-chunk-103"},"document_id":"ED0BC64D","chunk_id":"cpk99m79vm6zt","chunk_label":"unnamed-chunk-14"},{"row":203,"row_count":1,"visible":true,"expansion_state":0,"options":{"engine":"r","label":"unnamed-chunk-104"},"document_id":"ED0BC64D","chunk_id":"c1ogzr4rkccds","chunk_label":"unnamed-chunk-15"},{"row":211,"row_count":1,"visible":true,"expansion_state":0,"options":{"engine":"r","label":"unnamed-chunk-105"},"document_id":"ED0BC64D","chunk_id":"ceka78n7u1fs5","chunk_label":"unnamed-chunk-16"},{"row":265,"row_count":1,"visible":true,"expansion_state":0,"options":{"engine":"r","label":"unnamed-chunk-106"},"document_id":"ED0BC64D","chunk_id":"cop4buzh9p14e","chunk_label":"unnamed-chunk-17"},{"row":276,"row_count":1,"visible":true,"expansion_state":0,"options":{"engine":"r","label":"unnamed-chunk-107"},"document_id":"ED0BC64D","chunk_id":"cfnmls0lihai1","chunk_label":"unnamed-chunk-18"},{"row":301,"row_count":1,"visible":true,"expansion_state":0,"options":{"engine":"r","label":"unnamed-chunk-108"},"document_id":"ED0BC64D","chunk_id":"chmjsxboz82q8","chunk_label":"unnamed-chunk-19"},{"row":310,"row_count":1,"visible":true,"expansion_state":0,"options":{"engine":"r","label":"unnamed-chunk-118"},"document_id":"ED0BC64D","chunk_id":"cq3jyanxi79eg","chunk_label":"unnamed-chunk-20"},{"row":337,"row_count":1,"visible":true,"expansion_state":0,"options":{"engine":"r","label":"unnamed-chunk-121"},"document_id":"ED0BC64D","chunk_id":"c74xy982h2d9h","chunk_label":"unnamed-chunk-21"},{"row":349,"row_count":1,"visible":true,"expansion_state":0,"options":{"engine":"r","label":"unnamed-chunk-128"},"document_id":"ED0BC64D","chunk_id":"cpftrbazg5jge","chunk_label":"unnamed-chunk-22"},{"row":357,"row_count":1,"visible":true,"expansion_state":0,"options":{"engine":"r","label":"unnamed-chunk-130"},"document_id":"ED0BC64D","chunk_id":"ciedj3gch2u9i","chunk_label":"unnamed-chunk-23"},{"row":365,"row_count":1,"visible":true,"expansion_state":0,"options":{"engine":"r","label":"unnamed-chunk-133"},"document_id":"ED0BC64D","chunk_id":"cic4f9vqnk841","chunk_label":"unnamed-chunk-24"},{"row":382,"row_count":1,"visible":true,"expansion_state":0,"options":{"engine":"r","label":"unnamed-chunk-134"},"document_id":"ED0BC64D","chunk_id":"cxu4mts5gsgl6","chunk_label":"unnamed-chunk-25"},{"row":389,"row_count":1,"visible":true,"expansion_state":0,"options":{"engine":"r","label":"unnamed-chunk-135"},"document_id":"ED0BC64D","chunk_id":"cpk2c3azitig8","chunk_label":"unnamed-chunk-26"}],"doc_write_time":1683133348,"working_dir":null,"default_chunk_options":{"echo":true}}