{"chunk_definitions":[{"row":25,"row_count":1,"visible":true,"expansion_state":0,"options":{"engine":"r","include":true,"label":"unnamed-chunk-233"},"document_id":"129A47F7","chunk_id":"cv35qxy6nzavp","chunk_label":"unnamed-chunk-2"},{"row":31,"row_count":1,"visible":true,"expansion_state":0,"options":{"engine":"r","include":true,"warning":false,"label":"unnamed-chunk-227"},"document_id":"129A47F7","chunk_id":"chrb8t7krp4t3","chunk_label":"unnamed-chunk-3"},{"row":37,"row_count":1,"visible":true,"expansion_state":0,"options":{"engine":"r","label":"unnamed-chunk-229"},"document_id":"129A47F7","chunk_id":"cqrhic94s1vdp","chunk_label":"unnamed-chunk-4"},{"row":47,"row_count":1,"visible":true,"expansion_state":0,"options":{"engine":"r","include":true,"label":"unnamed-chunk-268"},"document_id":"129A47F7","chunk_id":"cf2f9kocnunm8","chunk_label":"unnamed-chunk-5"},{"row":57,"row_count":1,"visible":true,"expansion_state":0,"options":{"engine":"r","include":true,"label":"unnamed-chunk-267"},"document_id":"129A47F7","chunk_id":"cw239yawizijx","chunk_label":"unnamed-chunk-6"},{"row":63,"row_count":1,"visible":true,"expansion_state":0,"options":{"engine":"r","label":"unnamed-chunk-271"},"document_id":"129A47F7","chunk_id":"c02dc575g1r5h","chunk_label":"unnamed-chunk-7"},{"row":75,"row_count":1,"visible":true,"expansion_state":0,"options":{"engine":"r","include":true,"label":"unnamed-chunk-252"},"document_id":"129A47F7","chunk_id":"cnmvgn27wi91h","chunk_label":"unnamed-chunk-8"},{"row":106,"row_count":1,"visible":true,"expansion_state":0,"options":{"engine":"r","eval":false,"label":"unnamed-chunk-222"},"document_id":"129A47F7","chunk_id":"cpo5ka677sfuh","chunk_label":"unnamed-chunk-9"},{"row":145,"row_count":1,"visible":true,"expansion_state":0,"options":{"engine":"r","eval":false,"label":"unnamed-chunk-223"},"document_id":"129A47F7","chunk_id":"ckfjqar9agcwi","chunk_label":"unnamed-chunk-11"}],"doc_write_time":1682699943,"chunk_rendered_width":676}