{"chunk_definitions":[{"row":10,"row_count":1,"visible":true,"expansion_state":0,"options":{"engine":"r","echo":true,"label":"unnamed-chunk-25"},"document_id":"7B6ADFE1","chunk_id":"c1bnwbofrbvgw","chunk_label":"unnamed-chunk-1"},{"row":13,"row_count":1,"visible":true,"expansion_state":0,"options":{"engine":"r","include":false,"label":"unnamed-chunk-26"},"document_id":"7B6ADFE1","chunk_id":"cfp27594k0ie3","chunk_label":"unnamed-chunk-2"},{"row":24,"row_count":1,"visible":true,"expansion_state":0,"options":{"engine":"r","include":true,"label":"unnamed-chunk-27"},"document_id":"7B6ADFE1","chunk_id":"cf7y9wpc0622q","chunk_label":"unnamed-chunk-3"},{"row":34,"row_count":1,"visible":true,"expansion_state":0,"options":{"engine":"r","include":true,"label":"unnamed-chunk-28"},"document_id":"7B6ADFE1","chunk_id":"czzv7dm6im24a","chunk_label":"unnamed-chunk-4"},{"row":94,"row_count":1,"visible":true,"expansion_state":0,"options":{"engine":"r","include":true,"label":"unnamed-chunk-68"},"document_id":"7B6ADFE1","chunk_id":"clztn0it72ab8","chunk_label":"unnamed-chunk-5"}],"doc_write_time":1682430590}