{"chunk_definitions":[{"row":10,"row_count":1,"visible":true,"expansion_state":0,"options":{"engine":"r","echo":true,"label":"unnamed-chunk-81"},"document_id":"FD56426E","chunk_id":"cwdthfv4m825t","chunk_label":"unnamed-chunk-1"},{"row":13,"row_count":1,"visible":true,"expansion_state":0,"options":{"engine":"r","include":false,"label":"unnamed-chunk-83"},"document_id":"FD56426E","chunk_id":"co8wh9a3r6j71","chunk_label":"unnamed-chunk-2"},{"row":34,"row_count":1,"visible":true,"expansion_state":0,"options":{"engine":"r","label":"unnamed-chunk-90"},"document_id":"FD56426E","chunk_id":"cp34dg36ijkfh","chunk_label":"unnamed-chunk-4"},{"row":41,"row_count":1,"visible":true,"expansion_state":0,"options":{"engine":"r","echo":true,"label":"unnamed-chunk-91"},"document_id":"776C3EEC","chunk_id":"chq83uab6c64c","chunk_label":"unnamed-chunk-5"},{"row":52,"row_count":1,"visible":true,"expansion_state":0,"options":{"engine":"r","include":true,"label":"unnamed-chunk-94"},"document_id":"FD56426E","chunk_id":"c7ip4us913d25","chunk_label":"unnamed-chunk-7"},{"row":64,"row_count":1,"visible":true,"expansion_state":0,"options":{"engine":"r","include":true,"label":"unnamed-chunk-96"},"document_id":"FD56426E","chunk_id":"cb4rkgeigd3n0","chunk_label":"unnamed-chunk-8"},{"row":71,"row_count":1,"visible":true,"expansion_state":0,"options":{"engine":"r","echo":true,"label":"unnamed-chunk-169"},"document_id":"776C3EEC","chunk_id":"c149dqrnhueb0","chunk_label":"unnamed-chunk-9"},{"row":78,"row_count":1,"visible":true,"expansion_state":0,"options":{"engine":"r","include":true,"label":"unnamed-chunk-97"},"document_id":"FD56426E","chunk_id":"coag2wz6adapy","chunk_label":"unnamed-chunk-10"},{"row":92,"row_count":1,"visible":true,"expansion_state":0,"options":{"engine":"r","label":"unnamed-chunk-99"},"document_id":"FD56426E","chunk_id":"c7e196yuy7008","chunk_label":"unnamed-chunk-12"},{"row":98,"row_count":1,"visible":true,"expansion_state":0,"options":{"engine":"r","include":true,"label":"unnamed-chunk-100"},"document_id":"FD56426E","chunk_id":"ce49bo48h3x9c","chunk_label":"unnamed-chunk-13"},{"row":115,"row_count":1,"visible":true,"expansion_state":0,"options":{"engine":"r","include":true,"label":"unnamed-chunk-49"},"document_id":"FD56426E","chunk_id":"ckb1unvnl0fe5","chunk_label":"unnamed-chunk-14"},{"row":137,"row_count":1,"visible":true,"expansion_state":0,"options":{"engine":"r","include":true,"label":"unnamed-chunk-140"},"document_id":"FD56426E","chunk_id":"cd52mbaxcp167","chunk_label":"unnamed-chunk-15"},{"row":151,"row_count":1,"visible":true,"expansion_state":0,"options":{"engine":"r","include":true,"label":"unnamed-chunk-139"},"document_id":"776C3EEC","chunk_id":"cskl7pt006g3b","chunk_label":"unnamed-chunk-16"},{"row":163,"row_count":1,"visible":true,"expansion_state":0,"options":{"engine":"r","include":true,"label":"unnamed-chunk-144"},"document_id":"FD56426E","chunk_id":"caez6nkxwy74d","chunk_label":"unnamed-chunk-17"},{"row":171,"row_count":1,"visible":true,"expansion_state":0,"options":{"engine":"r","include":true,"label":"unnamed-chunk-145"},"document_id":"FD56426E","chunk_id":"crbek36el6lh1","chunk_label":"unnamed-chunk-18"},{"row":197,"row_count":1,"visible":true,"expansion_state":0,"options":{"engine":"r","include":true,"label":"unnamed-chunk-159"},"document_id":"776C3EEC","chunk_id":"cea2ia1sz8cbe","chunk_label":"unnamed-chunk-19"},{"row":212,"row_count":1,"visible":true,"expansion_state":0,"options":{"engine":"r","include":true,"label":"unnamed-chunk-168"},"document_id":"776C3EEC","chunk_id":"c3e266gazmto8","chunk_label":"unnamed-chunk-20"}],"doc_write_time":1682585756,"chunk_rendered_width":400}