{"chunk_definitions":[{"row":43,"row_count":1,"visible":true,"expansion_state":0,"options":{"engine":"r","label":"unnamed-chunk-115"},"document_id":"B05AE8FE","chunk_id":"cr9ill334qykt","chunk_label":"unnamed-chunk-3"},{"row":48,"row_count":1,"visible":true,"expansion_state":0,"options":{"engine":"r","include":true,"label":"unnamed-chunk-116"},"document_id":"B05AE8FE","chunk_id":"c84d132dxz1xb","chunk_label":"unnamed-chunk-4"},{"row":57,"row_count":1,"visible":true,"expansion_state":0,"options":{"engine":"r","include":true,"label":"unnamed-chunk-119"},"document_id":"B05AE8FE","chunk_id":"cvb6gsip4drli","chunk_label":"unnamed-chunk-5"},{"row":72,"row_count":1,"visible":true,"expansion_state":0,"options":{"engine":"r","include":true,"label":"unnamed-chunk-120"},"document_id":"B05AE8FE","chunk_id":"cxws38c2o713c","chunk_label":"unnamed-chunk-6"},{"row":81,"row_count":1,"visible":true,"expansion_state":0,"options":{"engine":"r","include":true,"label":"unnamed-chunk-123"},"document_id":"B05AE8FE","chunk_id":"clx448snktl9t","chunk_label":"unnamed-chunk-7"},{"row":86,"row_count":1,"visible":true,"expansion_state":0,"options":{"engine":"r","include":true,"label":"unnamed-chunk-124"},"document_id":"B05AE8FE","chunk_id":"c83ao4hcwmkp5","chunk_label":"unnamed-chunk-8"},{"row":93,"row_count":1,"visible":true,"expansion_state":0,"options":{"engine":"r","include":true,"label":"unnamed-chunk-126"},"document_id":"B05AE8FE","chunk_id":"c8qdjfbyk2s1c","chunk_label":"unnamed-chunk-9"}],"doc_write_time":1681923544,"chunk_rendered_width":700}