{"chunk_definitions":[{"row":20,"row_count":1,"visible":true,"expansion_state":0,"options":{"engine":"r","echo":true,"label":"unnamed-chunk-17"},"document_id":"E14B51ED","chunk_id":"c45ql410ib9rr","chunk_label":"unnamed-chunk-1"},{"row":23,"row_count":1,"visible":true,"expansion_state":0,"options":{"engine":"r","include":false,"label":"unnamed-chunk-18"},"document_id":"E14B51ED","chunk_id":"con08fac42nv5","chunk_label":"unnamed-chunk-2"},{"row":43,"row_count":1,"visible":true,"expansion_state":0,"options":{"engine":"r","label":"unnamed-chunk-19"},"document_id":"E14B51ED","chunk_id":"cuzcj1u9nfyxe","chunk_label":"unnamed-chunk-3"},{"row":48,"row_count":1,"visible":true,"expansion_state":0,"options":{"engine":"r","include":true,"label":"unnamed-chunk-20"},"document_id":"E14B51ED","chunk_id":"czrmwnw7a21z4","chunk_label":"unnamed-chunk-4"},{"row":57,"row_count":1,"visible":true,"expansion_state":0,"options":{"engine":"r","include":true,"label":"unnamed-chunk-21"},"document_id":"E14B51ED","chunk_id":"cvl0zmccf1gjj","chunk_label":"unnamed-chunk-5"},{"row":72,"row_count":1,"visible":true,"expansion_state":0,"options":{"engine":"r","include":true,"label":"unnamed-chunk-22"},"document_id":"E14B51ED","chunk_id":"ceu5rg0p4e0rv","chunk_label":"unnamed-chunk-6"},{"row":89,"row_count":1,"visible":true,"expansion_state":0,"options":{},"document_id":"E14B51ED","chunk_id":"c521vf7phxzby","chunk_label":"unnamed-chunk-7"},{"row":95,"row_count":1,"visible":true,"expansion_state":0,"options":{},"document_id":"E14B51ED","chunk_id":"caqp39r6roprl","chunk_label":"unnamed-chunk-8"}],"doc_write_time":1681987105}