{"chunk_definitions":[{"row":26,"row_count":1,"visible":true,"expansion_state":0,"options":{"engine":"---","label":"unnamed-chunk-208"},"document_id":"4933CD30","chunk_id":"cdkt7z5d5txmk","chunk_label":"unnamed-chunk-2"},{"row":29,"row_count":1,"visible":true,"expansion_state":0,"options":{"engine":"r","include":true,"warning":false,"label":"unnamed-chunk-209"},"document_id":"4933CD30","chunk_id":"c2dig2j3v092v","chunk_label":"unnamed-chunk-2"},{"row":36,"row_count":1,"visible":true,"expansion_state":0,"options":{"engine":"r","include":true,"label":"unnamed-chunk-210"},"document_id":"F042544A","chunk_id":"c02664b3ut8jw","chunk_label":"unnamed-chunk-3"},{"row":42,"row_count":1,"visible":true,"expansion_state":0,"options":{"engine":"r","include":true,"label":"unnamed-chunk-4"},"document_id":"318D9207","chunk_id":"cg01uw4af5y3q","chunk_label":"unnamed-chunk-4"},{"row":57,"row_count":1,"visible":true,"expansion_state":0,"options":{"engine":"r","include":true,"label":"unnamed-chunk-7"},"document_id":"318D9207","chunk_id":"c8hmllojfe014","chunk_label":"unnamed-chunk-5"},{"row":86,"row_count":1,"visible":true,"expansion_state":0,"options":{"engine":"r","include":true,"label":"unnamed-chunk-8"},"document_id":"318D9207","chunk_id":"cifzlyhtyml75","chunk_label":"unnamed-chunk-6"},{"row":96,"row_count":1,"visible":true,"expansion_state":0,"options":{"engine":"r","include":true,"label":"unnamed-chunk-9"},"document_id":"318D9207","chunk_id":"cngp4elldcu0c","chunk_label":"unnamed-chunk-7"},{"row":109,"row_count":1,"visible":true,"expansion_state":0,"options":{"engine":"r","include":true,"label":"unnamed-chunk-15"},"document_id":"318D9207","chunk_id":"csbq9kzl9oofr","chunk_label":"unnamed-chunk-8"},{"row":147,"row_count":1,"visible":true,"expansion_state":0,"options":{"engine":"r","include":true,"label":"unnamed-chunk-44"},"document_id":"318D9207","chunk_id":"ctw3fz71rzd39","chunk_label":"unnamed-chunk-9"},{"row":159,"row_count":1,"visible":true,"expansion_state":0,"options":{"engine":"r","include":true,"label":"unnamed-chunk-47"},"document_id":"4933CD30","chunk_id":"caiqxpq91cmhh","chunk_label":"unnamed-chunk-10"},{"row":504,"row_count":1,"visible":true,"expansion_state":0,"options":{"engine":"r","include":true,"label":"unnamed-chunk-67"},"document_id":"4933CD30","chunk_id":"c7chskg4ryk3d","chunk_label":"unnamed-chunk-11"}],"doc_write_time":1682760384}