"0","##El mismo procedimiento que el anterior pero metiendo en el set los objetos de fc"
"0","SS <- Set$new(fc$objects)"
"0",""
"0","##Este comando muestra los objetos que tienen en común los atributos de S"
"0","fc$extent(S)"
"1","{2, 7, 12, 13, 18, 20, 21, 24, 25, 27, 29, 30, 40, 54, 59, 66}"
"1","
"
"0","##Cogeremos los elementos 2,7,12,13 y 18 que sabemos que tienen en común la edad menor de 25 y el trabajo soñado de data science."
"0","SS$assign(c(2,7,12,13,18), rep(1,5))"
"0",""
"0",""
"0","##Usamos intent para saber los atributos que tienen en común los objetos selecionados"
"0","fc$intent(SS)"
"1","{skills_Python, donde_buscas_trabajo_Linkedin, edad_<25, casado_Single, trabajo_soñado_Data science/ Data
  Analytics}"
"1","
"
