{"chunk_definitions":[{"row":31,"row_count":1,"visible":true,"expansion_state":0,"options":{"engine":"r","label":"unnamed-chunk-95"},"document_id":"79BC3F8B","chunk_id":"cmnh05hdebi7e","chunk_label":"unnamed-chunk-1"},{"row":43,"row_count":1,"visible":true,"expansion_state":0,"options":{"engine":"r","label":"unnamed-chunk-38"},"document_id":"79BC3F8B","chunk_id":"conlhehflitkj","chunk_label":"unnamed-chunk-2"},{"row":70,"row_count":1,"visible":true,"expansion_state":0,"options":{"engine":"r","label":"unnamed-chunk-153"},"document_id":"79BC3F8B","chunk_id":"c8juem9lzxt9q","chunk_label":"unnamed-chunk-3"}],"doc_write_time":1682522961}